Name,GACC,State,Start_Date,Last_Report_Date,Size_Acres,Cause,Cost,Inc_Type,Year,Duration_Days,Start_Month,Cost_Source
Buzzard Complex,NW,OR,2014-07-14,2014-09-11,395747.0,L,11062411.0,WF,2014.0,59,7,Original
Carlton Complex,NW,WA,2014-07-14,2014-08-28,256108.0,L,68800000.0,WF,2014.0,45,7,Original
Funny River,AK,AK,2014-05-19,2014-08-14,195858.0,H,11496627.0,WF,2014.0,87,5,Original
Happy Camp Complex,NO,CA,2014-08-14,2014-12-04,134056.0,L,88214725.0,WF,2014.0,112,8,Original
King,NO,CA,2014-09-13,2014-10-09,97717.0,H,119000000.0,WF,2014.0,26,9,Original
Skunk,SW,AZ,2014-04-19,2014-06-26,73622.0,L,1800000.0,WF,2014.0,68,4,Original
Big Cougar,Unknown,ID,2014-08-02,2014-08-22,65227.0,L,4500000.0,WF,2014.0,20,8,Original
July Complex,NO,CA,2014-08-03,2014-09-25,50042.0,L,50295981.0,WF,2014.0,53,8,Original
Shaniko Butte,NW,OR,2014-07-12,2014-09-25,42044.0,L,5200000.0,WF,2014.0,75,7,Original
Glass Fire,SA,TX,2008-02-25,2008-03-02,219556.0,H,8238676.0,WF,2008.0,6,2,Imputed
Klamath Theater,NO,CA,2008-06-21,2008-09-26,192038.0,L,126086065.0,WF,2008.0,97,6,Original
Basin Complex,SO,CA,2008-06-21,2008-07-29,162818.0,L,78096079.0,WF,2008.0,38,6,Original
"Iron & Alps 
Complexes",NO,CA,2008-06-21,2008-09-04,105805.0,L,73974917.0,WF,2008.0,75,6,Original
"Dunn Mtn. 
Assist",Unknown,MT,2008-08-21,2008-09-02,102383.0,L,2900000.0,WF,2008.0,12,8,Original
Lime Complex,NO,CA,2008-06-20,2008-08-30,99585.0,L,59329698.0,WF,2008.0,71,6,Original
Huckabee,SA,TX,2008-04-30,2008-05-08,98200.0,U,6723208.5,WF,2008.0,8,4,Imputed
"SHU Lightning 
Complex",NO,CA,2008-06-21,2008-07-30,86500.0,L,56438391.0,WF,2008.0,39,6,Original
Complex,NO,CA,2008-06-21,2008-09-13,82186.0,L,65692836.0,WF,2008.0,84,6,Original
Indians,SO,CA,2008-06-08,2008-07-12,76554.0,H,42500000.0,WF,2008.0,34,6,Original
Panther,NO,CA,2008-07-22,2008-10-08,72344.0,L,13270068.0,WF,2008.0,78,7,Imputed
Gunbarrel,RM,WY,2008-07-26,2008-09-08,68148.0,L,11200000.0,WF,2008.0,44,7,Original
,SA,TX,2008-03-14,2008-03-19,67500.0,H,5275089.0,WF,2016.0,5,3,Imputed
Stiles Complex,SW,NM,2008-03-14,2008-03-16,67008.0,H,71644.0,WF,2008.0,2,3,Original
"BTU Lightning 
Complex",NO,CA,2008-06-21,2008-10-22,64995.0,L,94825683.0,WF,2008.0,123,6,Original
"South 
Complex",NO,CA,2008-06-20,2008-11-05,58871.0,L,14038643.0,WF,2008.0,138,6,Imputed
"MEU Lightning 
Complex",NO,CA,2008-06-20,2008-12-01,54819.0,L,66000000.0,WF,2008.0,164,6,Original
"East Slide Rock 
Ridge",WB,NV,2008-08-10,2008-09-14,54549.0,L,8873000.0,WF,2008.0,35,8,Original
"NR 
NR 
Rocky",SW,NM,2008-06-18,2008-06-25,49132.0,L,2158700.0,WF,2008.0,7,6,Original
"Canyon 
Complex",NO,CA,2008-06-21,2008-11-03,47680.0,L,14311387.0,WF,2008.0,135,6,Imputed
Bridger Fire,RM,CO,2008-06-08,2008-07-09,45800.0,L,7123406.5,WF,2008.0,31,6,Imputed
Hughes Ranch,SA,TX,2008-06-04,2008-06-09,45241.0,U,6723189.5,WF,2008.0,5,6,Imputed
Evans Road,SA,NC,2008-06-01,2008-09-29,40704.0,L,18249415.0,WF,2008.0,120,6,Original
"NW Oklahoma
Complex",SA,OK,2017-03-07,2017-03-24,779292.0,U,8422650.0,WF,2017.0,17,3,Imputed
Perryton,SA,TX,2017-03-06,2017-03-13,318156.0,H,8267503.5,WF,2017.0,7,3,Imputed
Thomas,SO,CA,2017-12-04,2017-12-31,270000.0,U,123836000.0,WF,2017.0,27,12,Original
"Lodgepole
Complex",Unknown,MT,2017-07-20,2017-08-11,270000.0,U,6879769.5,WF,2017.0,22,7,Imputed
Roosters Comb,GB,NV,2017-07-09,2017-07-24,218380.0,U,4000000.0,WF,2017.0,15,7,Original
Chetco Bar,NW,OR,2017-07-12,2017-10-26,191125.0,L,72000000.0,WF,2017.0,106,7,Original
Rice Ridge,Unknown,MT,2017-07-24,2017-10-17,160187.0,L,49251000.0,WF,2017.0,85,7,Original
"Four Seasons
Complex",GB,NV,2017-07-16,2017-07-25,159986.0,U,5603106.5,WF,2017.0,9,7,Imputed
West Mims,SA,GA,2017-04-06,2017-06-29,152515.0,L,45500000.0,WF,2017.0,84,4,Original
Lefors East,SA,TX,2017-03-07,2017-03-10,135000.0,H,6661942.0,WF,2017.0,3,3,Imputed
Diamond Creek,NW,WA,2017-07-23,2017-10-05,128272.0,U,14760000.0,WF,2017.0,74,7,Original
"Central LNU
Complex",NO,CA,2017-10-09,2017-10-10,110720.0,U,10506407.0,WF,2017.0,1,10,Imputed
Sartin Draw,Unknown,MT,2017-08-30,2017-09-04,99735.0,L,1500000.0,WF,2017.0,5,8,Original
Truckee,GB,NV,2017-07-03,2017-07-11,98960.0,U,2120260.0,WF,2017.0,8,7,Original
Tohakum 2,GB,NV,2017-08-29,2017-07-11,94221.0,L,3456000.0,WF,2017.0,-49,8,Original
Campbell River,AK,AK,2017-06-26,2017-10-12,93520.0,L,8005563.0,WF,2017.0,108,6,Imputed
Oak,NO,CA,2017-08-12,2017-09-23,86830.0,L,16233907.0,WF,2017.0,42,8,Imputed
Highline,GB,ID,2017-07-28,2017-09-21,84619.0,L,2167864.0,WF,2017.0,55,7,Original
Long Valley,GB,CA,2017-07-11,2017-07-21,83733.0,U,11953000.0,WF,2017.0,10,7,Original
"Modoc July
Complex",NO,CA,2017-07-24,2017-08-13,83120.0,U,16729413.0,WF,2017.0,20,7,Imputed
Detwiler,SO,CA,2017-07-16,2017-08-07,81826.0,U,90000000.0,WF,2017.0,22,7,Original
"White Mountain
Creek",AK,AK,2017-07-03,2017-10-05,78857.0,L,8294309.0,WF,2017.0,94,7,Imputed
Eclipse Complex,NO,CA,2017-08-15,2017-10-08,78698.0,U,46006691.0,WF,2017.0,54,8,Original
Brush Flat,Unknown,MT,2017-08-31,2017-09-04,73797.0,L,400000.0,WF,2017.0,4,8,Original
Brianhead,GB,UT,2017-06-17,2017-07-24,71673.0,H,3660000.0,WF,2017.0,37,6,Original
Nena Springs,NW,OR,2017-08-08,2017-08-29,68007.0,H,8900000.0,WF,2017.0,21,8,Original
"Salmon August
Complex",NO,CA,2017-08-13,2017-10-04,65889.0,U,21164354.0,WF,2017.0,52,8,Imputed
Dry Gulch,GB,NV,2017-07-04,2017-07-11,64000.0,U,2700000.0,WF,2017.0,7,7,Original
Meyers,Unknown,MT,2017-07-14,2017-10-13,62034.0,L,32800000.0,WF,2017.0,91,7,Original
Snowstorm,GB,NV,2017-07-14,2017-07-15,60000.0,U,482448.0,WF,2017.0,1,7,Original
Rim,SO,CA,2013-08-17,2013-10-24,257314.0,U,127350000.0,WF,2013.0,68,8,Original
Lime Hills,AK,AK,2013-05-31,2013-08-29,201808.0,L,2883457.0,WF,2013.0,90,5,Original
Moore Creek,AK,AK,2013-06-02,2013-08-29,157747.0,L,371499.0,WF,2013.0,88,6,Original
Pony Complex,EB,ID,2013-08-09,2013-08-19,149384.0,L,4000000.0,WF,2013.0,10,8,Original
Silver,SW,NM,2013-06-07,2013-09-10,138546.0,L,14300000.0,WF,2013.0,95,6,Original
Elk Complex,EB,ID,2013-08-09,2013-08-31,131258.0,L,10720000.0,WF,2013.0,22,8,Original
Beaver Creek,EB,ID,2013-08-07,2013-09-02,111490.0,L,26500000.0,WF,2013.0,26,8,Original
West Fork Complex,RM,CO,2013-06-05,2013-10-31,109615.0,L,31261047.0,WF,2013.0,148,6,Original
Stuart Creek #2,AK,AK,2013-06-19,2013-08-23,87064.0,H,20984698.0,WF,2013.0,65,6,Original
Colockum Tarps,NW,WA,2013-07-27,2013-08-18,80184.0,H,11000000.0,WF,2013.0,22,7,Original
Mississippi,AK,AK,2013-05-30,2013-11-02,67338.0,H,5220000.0,WF,2013.0,156,5,Original
Beaver Log Lakes,AK,AK,2013-06-22,2013-08-28,64499.0,L,1847258.0,WF,2013.0,67,6,Original
Prospect Creek,AK,AK,2013-06-20,2013-09-03,64078.0,L,98377.0,WF,2013.0,75,6,Original
Sandless Lake,AK,AK,2013-06-25,2013-09-03,62318.0,L,10000.0,WF,2013.0,70,6,Original
Sunnyside Turnoff,NW,OR,2013-07-20,2013-09-03,51340.0,H,4000000.0,WF,2013.0,45,7,Original
Douglas Complex,NW,OR,2013-07-26,2013-10-18,48679.0,L,55000000.0,WF,2013.0,84,7,Original
Sulatna River,AK,AK,2013-06-21,2013-08-28,47588.0,L,7000.0,WF,2013.0,68,6,Original
Chisana River,AK,AK,2013-05-31,2013-10-23,46638.0,L,35776.0,WF,2013.0,145,5,Original
Owyhee,NW,OR,2013-07-01,2013-07-08,46559.0,L,1843801.0,WF,2013.0,7,7,Original
Gold Pan Complex,Unknown,MT,2013-07-16,2013-10-03,43429.0,L,11860878.0,WF,2013.0,79,7,Original
Lime Complex,AK,AK,2022-06-15,2022-07-26,865625.0,U,12726992.0,WF,2022.0,41,6,Original
Hermits Peak,SW,NM,2022-04-07,2022-10-20,341735.0,H,330100293.0,WF,2022.0,196,4,Original
Black,SW,NM,2022-05-13,2022-11-10,325136.0,H,60190000.0,WF,2022.0,181,5,Original
Paradise Complex,AK,AK,2022-07-07,2022-08-11,275703.0,U,2782896.0,WF,2022.0,35,7,Original
Tatlawiksuk,AK,AK,2022-06-05,2022-07-22,229439.0,L,75965.0,WF,2022.0,47,6,Original
NC HPAI 2022,SA,NC,2022-04-11,2022-04-19,212865.0,U,484012.0,WF,2022.0,8,4,Original
Bean Complex,AK,AK,2022-06-25,2022-08-06,212504.0,U,11656365.0,WF,2022.0,42,6,Original
Koktuli River,AK,AK,2022-06-08,2022-06-12,205862.0,L,6174200.5,WF,2022.0,4,6,Imputed
Hog Butte,AK,AK,2022-06-05,2022-07-06,204145.0,L,628717.0,WF,2022.0,31,6,Original
Double Creek,NW,OR,2022-08-30,2022-10-21,171532.0,L,39500000.0,WF,2022.0,52,8,Original
East Fork,AK,AK,2022-06-02,2022-07-27,166760.0,L,6150000.0,WF,2022.0,55,6,Original
Poorman Complex,AK,AK,2022-06-28,2022-09-07,140355.0,U,8131087.5,WF,2022.0,71,6,Imputed
Moose,GB,ID,2022-07-17,2022-11-10,130205.0,H,98200000.0,WF,2022.0,116,7,Original
Cedar Creek,NW,OR,2022-08-04,2022-11-24,127311.0,L,133750000.0,WF,2022.0,112,8,Original
Aghaluk Mountain,AK,AK,2022-06-06,2022-06-14,115030.0,L,12726992.0,WF,2022.0,8,6,Original
Door Mountain,AK,AK,2022-06-09,2022-06-10,114294.0,L,500.0,WF,2022.0,1,6,Original
Chitanana,AK,AK,2022-06-19,2022-06-23,100246.0,L,1148818.0,WF,2022.0,4,6,Original
"Dalton Highway
Complex",AK,AK,2022-07-01,2022-08-04,91679.0,U,6971097.0,WF,2022.0,34,7,Original
Pike Creek,AK,AK,2022-06-08,2022-07-29,88108.0,L,76037.0,WF,2022.0,51,6,Original
Swift River,AK,AK,2022-06-08,2022-06-12,85073.0,L,6778915.5,WF,2022.0,4,6,Imputed
Apoon Pass,AK,AK,2022-06-09,2022-06-30,84138.0,L,8074691.5,WF,2022.0,21,6,Imputed
Mosquito,NO,CA,2022-09-06,2022-10-23,76788.0,H,181100000.0,WF,2022.0,47,9,Original
Clear,AK,AK,2022-06-21,2022-09-08,73284.0,L,2363465.0,WF,2022.0,79,6,Original
Bitzshitini,AK,AK,2022-06-19,2022-06-23,71266.0,L,216545.0,WF,2022.0,4,6,Original
Camp Creek,AK,AK,2022-06-27,2022-06-27,69006.0,L,45000.0,WF,2022.0,0,6,Original
Donut,AK,AK,2022-06-21,2022-06-23,68348.0,L,45000.0,WF,2022.0,2,6,Original
"Middle Tanana
Complex",AK,AK,2022-07-03,2022-09-08,62861.0,U,3434457.0,WF,2022.0,67,7,Original
North Fork,AK,AK,2022-06-21,2022-07-21,60750.0,L,5137115.5,WF,2022.0,30,6,Imputed
McKinney,NO,CA,2022-07-29,2022-11-07,60138.0,U,96580000.0,WF,2022.0,101,7,Original
Cooks Peak,SW,NM,2022-04-17,2022-05-31,59359.0,U,12500000.0,WF,2022.0,44,4,Original
Lansing Creek,AK,AK,2022-06-21,2022-07-21,56371.0,L,5403599.0,WF,2022.0,30,6,Imputed
Eastland Complex,SA,TX,2022-03-17,2022-04-06,54513.0,U,7.0,WF,2022.0,20,3,Original
Door Creek,AK,AK,2022-06-13,2022-06-13,54006.0,L,4892355.5,WF,2022.0,0,6,Imputed
Schilling Creek,AK,AK,2022-06-17,2022-07-21,53526.0,L,50000.0,WF,2022.0,34,6,Original
Titnuk Creek,AK,AK,2022-06-09,2022-06-11,53291.0,L,4535637.5,WF,2022.0,2,6,Imputed
Borrega,SA,TX,2022-03-30,2022-04-04,51566.0,H,5888677.5,WF,2022.0,5,3,Imputed
"Fourth of July
Creek",AK,AK,2022-06-08,2022-07-22,51146.0,L,70912.0,WF,2022.0,44,6,Original
Radio Creek,AK,AK,2022-06-21,2022-07-27,45801.0,L,75000.0,WF,2022.0,36,6,Original
Kiknik,AK,AK,2022-06-09,2022-06-11,45734.0,L,3033.0,WF,2022.0,2,6,Original
Cerro Pelado,SW,NM,2022-04-22,2022-07-11,45605.0,H,46800000.0,WF,2022.0,80,4,Original
Long Butte,EB,ID,2010-08-21,2010-09-03,306113.0,L,4225000.0,WF,2010.0,13,8,Original
Toklat,AK,AK,2010-05-16,2010-06-04,171727.0,L,2109186.0,WF,2010.0,19,5,Original
Jefferson,EB,ID,2010-07-13,2010-07-17,109436.0,H,700819.0,WF,2010.0,4,7,Original
Turquoise Lake,AK,AK,2010-05-18,2010-09-07,91885.0,H,317515.0,WF,2010.0,112,5,Original
Big Mountain,AK,AK,2010-06-02,2010-09-02,83746.0,L,6015017.5,WF,2010.0,92,6,Imputed
Pat Creek,AK,AK,2010-06-25,2010-12-30,72692.0,L,11622393.0,WF,2010.0,188,6,Original
Lone Mountain,AK,AK,2010-05-29,2010-12-22,51996.0,L,10044.0,WF,2010.0,207,5,Original
Twitchell Canyon,EB,UT,2010-07-20,2010-11-18,44892.0,L,17363000.0,WF,2010.0,121,7,Original
Bull Creek,AK,AK,2010-05-31,2010-06-25,41911.0,L,7144294.5,WF,2010.0,25,5,Imputed
Anderson Creek,SA,OK,2016-03-23,2016-04-04,367740.0,U,1750000.0,WF,2016.0,12,3,Original
Pioneer,GB,ID,2016-07-18,2016-10-27,188404.0,U,90000000.0,WF,2016.0,101,7,Original
Range 12,NW,WA,2016-07-30,2016-08-08,176600.0,U,1700000.0,WF,2016.0,9,7,Original
Soberanes,SO,CA,2016-07-22,2016-10-23,132127.0,H,262500000.0,WF,2016.0,93,7,Original
Hot Pot,GB,NV,2016-07-02,2016-07-10,122292.0,U,3402259.0,WF,2016.0,8,7,Original
Alatna Complex,AK,AK,2016-06-28,2016-07-24,113157.0,L,1040018.0,WF,2016.0,26,6,Original
Virginia Mountains Complex,GB,NV,2016-07-29,2016-08-06,59727.0,L,8000200.0,WF,2016.0,8,7,Original
Dulbi Flats,AK,AK,2016-06-26,2016-08-26,58138.0,L,7986985.0,WF,2016.0,61,6,Imputed
350 Complex,SA,OK,2016-05-05,2016-05-15,57167.0,U,900000.0,WF,2016.0,10,5,Original
Henrys Creek,GB,ID,2016-08-21,2016-08-31,52972.0,U,4320000.0,WF,2016.0,10,8,Original
Erskine,SO,CA,2016-06-23,2016-07-07,48019.0,U,23000000.0,WF,2016.0,14,6,Original
Chimney,SO,CA,2016-08-13,2016-09-05,46344.0,U,78300000.0,WF,2016.0,23,8,Original
Cedar,SW,AZ,2016-06-15,2016-07-28,45977.0,U,14000000.0,WF,2016.0,43,6,Original
Maple,RM,WY,2016-08-08,2016-10-27,45516.0,L,6267928.0,WF,2016.0,80,8,Original
Crutch Complex,SA,TX,2016-03-24,2016-03-24,44696.0,U,5765228.5,WF,2016.0,0,3,Imputed
Big Mud,AK,AK,2016-06-01,2016-06-19,42641.0,L,59268.0,WF,2016.0,18,6,Original
North,SW,NM,2016-05-21,2016-07-14,42102.0,L,4800000.0,WF,2016.0,54,5,Original
Rail,NW,OR,2016-07-31,2016-09-29,41706.0,U,34900000.0,WF,2016.0,60,7,Original
Cottonwood CA,RM,SD,2016-10-16,2016-10-18,41360.0,U,170000.0,WF,2016.0,2,10,Original
Long Draw,NW,OR,2012-07-08,2012-07-30,557628.0,L,4360000.0,WF,2012.0,22,7,Original
Holloway,NW/WB,OR/NV,2012-08-05,2012-08-23,460850.0,L,9166719.0,WF,2012.0,18,8,Original
Mustang Complex,EB,ID,2012-07-30,2012-10-18,341488.0,L,38323413.0,WF,2012.0,80,7,Original
Rush,NO,CA,2012-08-12,2012-09-04,315577.0,L,15170000.0,WF,2012.0,23,8,Original
Whitewater-Baldy,SW,NM,2012-05-16,2012-07-31,297845.0,L,23000000.0,WF,2012.0,76,5,Original
Ash Creek,Unknown,MT,2012-06-25,2012-07-11,249562.0,L,7500000.0,WF,2012.0,16,6,Original
Kinyon Road,EB,ID,2012-07-07,2012-07-19,210874.0,L,1625000.0,WF,2012.0,12,7,Original
Halstead,EB,ID,2012-07-27,2012-10-18,181948.0,L,26413932.0,WF,2012.0,83,7,Original
Rosebud Creek Complex,Unknown,MT,2012-08-01,2012-08-16,171444.0,L,9000000.0,WF,2012.0,15,8,Original
Miller Homestead,NW,OR,2012-07-08,2012-09-21,160853.0,L,6000000.0,WF,2012.0,75,7,Original
Trinity Ridge,EB,ID,2012-08-03,2012-10-18,146832.0,H,41228912.0,WF,2012.0,76,8,Original
Flat Top 2,EB,ID,2012-08-05,2012-08-13,140954.0,L,600000.0,WF,2012.0,8,8,Original
Chalky,Unknown,MT,2012-08-01,2012-08-03,131000.0,L,50000.0,WF,2012.0,2,8,Original
Clay Springs,EB,UT,2012-06-27,2012-07-24,107847.0,U,6659000.0,WF,2012.0,27,6,Original
Arapaho,RM,WY,2012-06-27,2012-07-16,98115.0,L,13100000.0,WF,2012.0,19,6,Original
Minidoka Complex,EB,ID,2012-08-08,2012-08-23,97616.0,L,5801271.0,WF,2012.0,15,8,Original
Barry Point,NW,OR,2012-08-06,2012-09-17,93071.0,L,23247235.0,WF,2012.0,42,8,Original
High Park,RM,CO,2012-06-09,2012-07-11,87284.0,L,38400000.0,WF,2012.0,32,6,Original
Region 23 Complex,RM,NE,2012-08-28,2012-09-09,86201.0,L,5300000.0,WF,2012.0,12,8,Original
Sarpy Hills Complex,Unknown,MT,2012-07-31,2012-08-09,82000.0,L,4120000.0,WF,2012.0,9,7,Original
Barker Canyon Complex,NW,WA,2012-09-08,2012-09-15,81155.0,L,2290268.0,WF,2012.0,7,9,Original
Wellnitz,RM,NE,2012-08-29,2012-09-06,77683.0,L,1300000.0,WF,2012.0,8,8,Original
Region 24 Complex,RM,NE,2012-07-20,2012-07-29,76242.0,L,3251141.0,WF,2012.0,9,7,Original
"Southeastern Montana
Complex",Unknown,MT,2012-07-03,2012-07-11,75501.0,L,5105000.0,WF,2012.0,8,7,Original
Chips,NO,CA,2012-07-29,2012-09-08,75431.0,U,53300000.0,WF,2012.0,41,7,Original
Cache Creek,NW,OR,2012-08-20,2012-10-23,73697.0,L,11250000.0,WF,2012.0,64,8,Original
Powell SBW Complex,Unknown,ID,2012-07-20,2012-11-05,67611.0,L,4882375.0,WF,2012.0,108,7,Original
Fontenelle,EB,WY,2012-06-24,2012-10-18,65220.0,U,12650000.0,WF,2012.0,116,6,Original
Oil Creek,RM,WY,2012-06-29,2012-07-09,62318.0,Unknown,5282964.0,WF,2012.0,10,6,Original
Lost,NO,CA,2012-08-05,2012-08-12,61541.0,L,3700000.0,WF,2012.0,7,8,Original
Freedom Hill,SA,OK,2012-08-03,2012-08-20,58500.0,H,200000.0,WF,2012.0,17,8,Original
Wenatchee Complex,NW,WA,2012-09-09,2012-10-30,56478.0,L,32394876.0,WF,2012.0,51,9,Original
Bull Run Complex,WB,NV,2012-08-09,2012-08-19,51366.0,L,4816272.0,WF,2012.0,10,8,Original
Jacks,EB,ID,2012-07-09,2012-07-20,50816.0,L,300000.0,WF,2012.0,11,7,Original
Keith County Complex,RM,NE,2012-08-02,2012-08-05,50000.0,L,20000.0,WF,2012.0,3,8,Original
Uvgoon Creek #1,AK,AK,2012-07-03,2012-11-06,49305.0,L,189325.0,WF,2012.0,126,7,Original
Sheep,Unknown,ID,2012-09-06,2012-11-06,48626.0,H,18000000.0,WF,2012.0,61,9,Original
Seeley,EB,UT,2012-06-26,2012-08-17,48050.0,L,8699000.0,WF,2012.0,52,6,Original
Wood Hollow,EB,UT,2012-06-23,2012-07-19,47387.0,U,5787095.0,WF,2012.0,26,6,Original
Dry Creek,AK,AK,2012-06-23,2012-11-15,47154.0,L,15000.0,WF,2012.0,145,6,Original
Bagley,NO,CA,2012-08-18,2012-09-22,46011.0,L,37063416.0,WF,2012.0,35,8,Original
Alpine Lake,RM,WY,2012-08-09,2012-10-25,45877.0,L,3850000.0,WF,2012.0,77,8,Original
Last Chance,RM,CO,2012-06-25,2012-06-26,45000.0,U,10000.0,WF,2012.0,1,6,Original
Little Bear,SW,NM,2012-06-04,2012-07-02,44330.0,L,19404877.0,WF,2012.0,28,6,Original
Longhorn Complex,RM,SD,2012-07-19,2012-07-30,43639.0,L,4600000.0,WF,2012.0,11,7,Original
McGuire Complex,Unknown,ID,2012-08-27,2012-10-29,43621.0,L,24741628.0,WF,2012.0,63,8,Original
Dallas Canyon,EB,UT,2012-07-27,2012-08-03,43610.0,L,1854802.0,WF,2012.0,7,7,Original
Willow,WB,NV,2012-08-05,2012-08-19,43271.0,L,3000000.0,WF,2012.0,14,8,Original
Table Mountain,NW,WA,2012-09-08,2012-10-19,42312.0,L,195000.0,WF,2012.0,41,9,Original
North Pass,NO,CA,2012-08-18,2012-09-17,41983.0,L,30493184.0,WF,2012.0,30,8,Original
Delphia,Unknown,MT,2012-08-24,2012-09-01,40653.0,L,2450000.0,WF,2012.0,8,8,Original
August Complex,NO,CA,2020-08-17,2020-11-11,1032648.0,U,115511218.0,WF,2020.0,86,8,Original
"SCU Lightning
Complex",NO,CA,2020-08-16,2020-09-14,396624.0,U,69412351.0,WF,2020.0,29,8,Original
SHF Elkhorn,NO,CA,2020-08-29,2020-09-09,391493.0,L,9032711.0,WF,2020.0,11,8,Imputed
Creek,SO,CA,2020-09-04,2020-12-17,379895.0,U,193000000.0,WF,2020.0,104,9,Original
"LNU Lightning
Complex",NO,CA,2020-08-17,2020-10-01,363220.0,U,94646381.0,WF,2020.0,45,8,Original
North Complex,NO,CA,2020-08-17,2020-12-02,318935.0,U,112711950.0,WF,2020.0,107,8,Original
Pearl Hill,NW,WA,2020-09-07,2020-09-15,223730.0,U,4241353.0,WF,2020.0,8,9,Original
Cameron Peak,RM,CO,2020-08-13,2020-12-04,208913.0,U,133300000.0,WF,2020.0,113,8,Original
Lionshead,NW,OR,2020-08-16,2020-11-12,204469.0,L,65440000.0,WF,2020.0,88,8,Original
East Troublesome,RM,WY,2020-10-14,2020-11-25,193812.0,U,15682681.0,WF,2020.0,42,10,Original
Beachie Creek,NW,OR,2020-08-16,2020-10-28,193573.0,U,29838526.0,WF,2020.0,73,8,Original
Bush,SW,AZ,2020-06-13,2020-07-03,193455.0,H,11642634.0,WF,2020.0,20,6,Original
Cold Springs,NW,WA,2020-09-06,2020-09-19,189923.0,U,3917998.0,WF,2020.0,13,9,Original
Mullen,RM,WY,2020-09-17,2020-12-10,176878.0,U,42400000.0,WF,2020.0,84,9,Original
Castle,SO,CA,2020-08-19,2020-08-24,174178.0,L,8473269.0,WF,2020.0,5,8,Imputed
SQF Complex,SO,CA,2020-08-24,2020-12-17,174178.0,Unknown,12247235.0,WF,2020.0,115,8,Imputed
Holiday Farm,NW,OR,2020-09-07,2020-10-27,173393.0,U,29100932.0,WF,2020.0,50,9,Original
Slater,NO,CA,2020-09-08,2020-11-15,157270.0,U,55043900.0,WF,2020.0,68,9,Original
"Red Salmon
Complex",NO,CA,2020-07-28,2020-11-16,144698.0,L,7202944.5,WF,2020.0,111,7,Imputed
"August Complex
West Zone",NO,CA,2020-09-10,2020-10-14,140944.0,L,115300000.0,WF,2020.0,34,9,Original
Pine Gulch,RM,CO,2020-07-31,2020-09-22,139007.0,U,35000000.0,WF,2020.0,53,7,Original
Riverside,NW,OR,2020-09-08,2020-11-26,138054.0,H,20482000.0,WF,2020.0,79,9,Original
Archie Creek,NW,OR,2020-09-08,2020-11-26,131542.0,U,40000000.0,WF,2020.0,79,9,Original
Whitney,NW,WA,2020-09-07,2020-09-15,127430.0,U,3300000.0,WF,2020.0,8,9,Original
Dolan,SO,CA,2020-08-18,2020-12-24,124924.0,U,74000000.0,WF,2020.0,128,8,Original
Bighorn,SW,AZ,2020-06-05,2020-07-22,119978.0,L,44463612.0,WF,2020.0,47,6,Original
Bobcat,SO,CA,2020-09-06,2020-11-27,115997.0,U,100000000.0,WF,2020.0,82,9,Original
Woodhead,GB,ID,2020-09-07,2020-10-22,96614.0,H,11230000.0,WF,2020.0,45,9,Original
Badger,GB,ID,2020-09-12,2020-10-10,90143.0,U,15800000.0,WF,2020.0,28,9,Original
East Fork,GB,UT,2020-08-21,2020-11-19,90000.0,L,23523403.0,WF,2020.0,90,8,Original
"CZU August
Lightning",NO,CA,2020-08-16,2020-09-21,86509.0,U,55900466.0,WF,2020.0,36,8,Original
W-5 Cold Springs,NO,CA,2020-08-18,2020-09-13,84817.0,U,10300000.0,WF,2020.0,26,8,Original
July Complex,NO,CA,2020-07-22,2020-08-18,83261.0,U,35000000.0,WF,2020.0,27,7,Original
Caldwall,NO,CA,2020-07-22,2020-07-24,80859.0,U,34500000.0,WF,2020.0,2,7,Original
Mendocino Complex,NO,CA,2018-07-27,2018-09-18,459123.0,U,220000000.0,WF,2018.0,53,7,Original
Martin,GB,NV,2018-07-05,2018-07-21,435569.0,U,10000000.0,WF,2018.0,16,7,Original
Rhea,SA,OK,2018-04-12,2018-04-26,286196.0,U,3800000.0,WF,2018.0,14,4,Original
South Sugarloaf,GB,NV,2018-08-17,2018-10-10,233458.0,L,20000000.0,WF,2018.0,54,8,Original
Carr,NO,CA,2018-07-23,2018-08-30,229651.0,U,162289294.0,WF,2018.0,38,7,Original
Klondike,NW,OR,2018-07-15,2018-11-28,175258.0,L,104500000.0,WF,2018.0,136,7,Original
Camp,NO,CA,2018-11-08,2018-11-25,153336.0,U,120000000.0,WF,2018.0,17,11,Original
Goose Creek,GB,NV,2018-07-26,2018-08-10,132220.0,U,7850000.0,WF,2018.0,15,7,Original
Spring Creek,RM,CO,2018-06-27,2018-09-06,108045.0,H,35000000.0,WF,2018.0,71,6,Original
Pole Creek,GB,UT,2018-09-06,2018-10-08,102191.0,L,29100000.0,WF,2018.0,32,9,Original
Boxcar,NW,OR,2018-06-21,2018-07-03,100207.0,U,3500000.0,WF,2018.0,12,6,Original
Grassy Ridge,GB,ID,2018-07-26,2018-08-15,99502.0,L,3000000.0,WF,2018.0,20,7,Original
Woolsey,SO,CA,2018-11-08,2018-11-27,96949.0,U,56943320.0,WF,2018.0,19,11,Original
Ferguson,SO,CA,2018-07-13,2018-08-23,96901.0,U,150000000.0,WF,2018.0,41,7,Original
County,NO,CA,2018-06-30,2018-07-14,90288.0,U,47000000.0,WF,2018.0,14,6,Original
Avian Complex,SA,FL,2018-05-01,2018-05-29,82461.0,U,10781364.0,WF,2018.0,28,5,Original
Substation,NW,OR,2018-07-17,2018-08-02,78425.0,H,4200000.0,WF,2018.0,16,7,Original
Grass Valley,NW,WA,2018-08-11,2018-08-15,75573.0,U,875000.0,WF,2018.0,4,8,Original
Mallard,SA,TX,2018-05-08,2018-05-20,75530.0,U,6110076.5,WF,2018.0,12,5,Imputed
Boylston,NW,WA,2018-07-19,2018-07-23,71200.0,U,995000.0,WF,2018.0,4,7,Original
Dollar Ridge,GB,UT,2018-07-01,2018-08-29,70003.0,U,22000000.0,WF,2018.0,59,7,Original
Zitziana River,AK,AK,2018-06-04,2018-09-07,69332.0,L,2440527.0,WF,2018.0,95,6,Original
Sharps,GB,ID,2018-07-29,2018-09-13,64853.0,H,9500000.0,WF,2018.0,46,7,Original
Delta,NO,CA,2018-09-05,2018-10-07,63311.0,H,64429020.0,WF,2018.0,32,9,Original
Smith River Complex,NO,CA,2023-08-16,2023-11-15,95107.0,U,11843972.0,WF,2023.0,91,8,Imputed
York,SO,CA,2023-07-28,2023-08-19,93078.0,H,14609991.0,WF,2023.0,22,7,Imputed
Newell Road,NW,WA,2023-07-21,2023-07-30,60551.0,U,8090494.0,WF,2023.0,9,7,Imputed
Pass,SW,NM,2023-05-21,2023-08-31,59833.0,L,7593784.5,WF,2023.0,102,5,Imputed
Anderson Complex,AK,AK,2023-07-29,2023-08-24,58933.0,U,7758039.0,WF,2023.0,26,7,Imputed
Delta,AK,AK,2023-07-25,2023-08-31,57395.0,L,5351063.5,WF,2023.0,37,7,Imputed
Clear Creek Complex,AK,AK,2023-07-27,2023-08-17,52966.0,L,5888384.5,WF,2023.0,21,7,Imputed
"2023 SRF Lightning
Complex",NO,CA,2023-08-17,2023-10-24,50198.0,U,7288910.5,WF,2023.0,68,8,Imputed
Pogo Mine Road,AK,AK,2023-07-25,2023-08-23,48792.0,L,5866245.5,WF,2023.0,29,7,Imputed
Cooksley,RM,NE,2023-04-18,2023-04-18,40000.0,U,7080506.5,WF,2023.0,0,4,Imputed
Tanana Area Fires,AK,AK,2015-06-19,2015-08-06,498043.0,L,14049552.0,WF,2015.0,48,6,Original
Ruby Area Fires,AK,AK,2015-07-02,2015-08-04,421613.0,L,2845925.0,WF,2015.0,33,7,Original
Soda,GB,ID,2015-08-10,2015-08-23,285361.0,U,6250000.0,WF,2015.0,13,8,Original
Sushgitit Hills,AK,AK,2015-06-21,2015-08-15,270747.0,L,51000.0,WF,2015.0,55,6,Original
North Star,NW,WA,2015-08-13,2015-11-30,218138.0,H,45000000.0,WF,2015.0,109,8,Original
Holtnakatna,AK,AK,2015-06-22,2015-07-06,198133.0,L,5205997.0,WF,2015.0,14,6,Imputed
Aniak Complex,AK,AK,2015-07-04,2015-07-19,157783.0,L,6492120.0,WF,2015.0,15,7,Original
Rough,SO,CA,2015-07-31,2015-10-12,151623.0,L,120930243.0,WF,2015.0,73,7,Original
Okanogan Complex,NW,WA,2015-08-14,2015-09-29,145282.0,L,14445422.0,WF,2015.0,46,8,Imputed
Rock,AK,AK,2015-06-19,2015-08-15,142637.0,L,1694868.0,WF,2015.0,57,6,Original
Isahultila,AK,AK,2015-06-21,2015-08-15,128617.0,L,10000.0,WF,2015.0,55,6,Original
Sea,AK,AK,2015-06-19,2015-08-08,111193.0,L,7000.0,WF,2015.0,50,6,Original
Canyon Creek Complex,NW,OR,2015-08-12,2015-10-29,110261.0,L,31453602.0,WF,2015.0,78,8,Original
Big Mud River 1,AK,AK,2015-06-21,2015-08-08,103170.0,L,5000.0,WF,2015.0,48,6,Original
Cornet-Windy Ridge,NW,OR,2015-08-11,2015-10-27,102089.0,U,6010000.0,WF,2015.0,77,8,Original
Iditarod River,AK,AK,2015-06-20,2015-07-25,98183.0,L,282298.0,WF,2015.0,35,6,Original
Blazo,AK,AK,2015-06-19,2015-07-07,96644.0,L,6070892.5,WF,2015.0,18,6,Imputed
Tepee Springs,GB,ID,2015-08-12,2015-10-19,95709.0,L,31540000.0,WF,2015.0,68,8,Original
Munsatli 2,AK,AK,2015-07-04,2015-08-02,95679.0,L,6000.0,WF,2015.0,29,7,Original
"Selway/Elk City/Red River
Complex",Unknown,ID,2015-08-17,2015-10-29,94921.0,L,16000000.0,WF,2015.0,73,8,Original
Chelan Complex,NW,WA,2015-08-14,2015-09-20,88985.0,U,10000000.0,WF,2015.0,37,8,Original
"Clearwater/Municipal/Motorway
North Complex",Unknown,ID,2015-08-10,2015-09-08,83243.0,L,41527637.0,WF,2015.0,29,8,Original
Grizzly Bear Complex,NW,OR,2015-08-13,2015-10-30,83148.0,L,20968610.0,WF,2015.0,78,8,Original
Torment Creek,AK,AK,2015-06-20,2015-08-04,81468.0,L,7000.0,WF,2015.0,45,6,Original
River Complex,NO,CA,2015-07-30,2015-09-25,77081.0,L,32678783.0,WF,2015.0,57,7,Original
Kettle Complex,NW,WA,2015-08-11,2015-09-27,76512.0,L,9914369.0,WF,2015.0,47,8,Imputed
Valley,NO,CA,2015-09-12,2015-10-05,76067.0,U,56220000.0,WF,2015.0,23,9,Original
Wolverine,NW,WA,2015-06-29,2015-10-03,72123.0,L,35000000.0,WF,2015.0,96,6,Original
Butte,NO,CA,2015-09-09,2015-09-30,70868.0,U,74720784.0,WF,2015.0,21,9,Original
Rocky,NO,CA,2015-07-29,2015-08-14,69438.0,U,46100000.0,WF,2015.0,16,7,Original
Bear Creek,Unknown,MT,2015-08-12,2015-10-22,69435.0,L,3300000.0,WF,2015.0,71,8,Original
Kutokbuna Lake,AK,AK,2015-06-21,2015-07-02,68320.0,L,82167.0,WF,2015.0,11,6,Original
County Line 2,NW,OR,2015-08-12,2015-08-31,67207.0,U,16400000.0,WF,2015.0,19,8,Original
Three Day,AK,AK,2015-06-19,2015-07-07,66703.0,L,3802929.75,WF,2015.0,18,6,Imputed
Lloyd,AK,AK,2015-06-24,2015-08-14,66267.0,L,603744.0,WF,2015.0,51,6,Original
Carpenter Road,NW,WA,2015-08-14,2015-12-16,63972.0,H,22650000.0,WF,2015.0,124,8,Original
West Fork,AK,AK,2015-06-19,2015-07-25,58335.0,L,4000.0,WF,2015.0,36,6,Original
Dulbi River,AK,AK,2015-06-19,2015-06-25,56687.0,L,4095325.5,WF,2015.0,6,6,Imputed
Tobatokh,AK,AK,2015-06-22,2015-07-01,54036.0,L,2000.0,WF,2015.0,9,6,Original
Family Peak Complex,Unknown,MT,2015-08-13,2015-10-17,53890.0,L,4205000.0,WF,2015.0,65,8,Original
Cougar Creek,NW,WA,2015-08-10,2015-10-17,53534.0,L,23500000.0,WF,2015.0,68,8,Original
Hardpac Creek,AK,AK,2015-06-21,2015-08-03,50482.0,L,3000.0,WF,2015.0,43,6,Original
Bendire Complex,NW,OR,2015-08-11,2015-09-15,49628.0,L,4820000.0,WF,2015.0,35,8,Original
Chitanana River,AK,AK,2015-06-21,2015-07-11,49540.0,L,1000.0,WF,2015.0,20,6,Original
Can Creek,AK,AK,2015-06-01,2015-07-17,48729.0,L,18945.0,WF,2015.0,46,6,Original
Glacier,AK,AK,2015-06-23,2015-07-28,47333.0,L,4000.0,WF,2015.0,35,6,Original
Dixie,NO,CA,2021-07-13,2021-10-23,963309.0,U,30000000.0,WF,2021.0,102,7,Original
Bootleg,NW,OR,2021-07-06,2021-08-13,413717.0,L,100900000.0,WF,2021.0,38,7,Original
Monument,NO,CA,2021-07-31,2021-10-25,223124.0,L,163739291.0,WF,2021.0,86,7,Original
Caldor,NO,CA,2021-08-14,2021-10-20,221835.0,H,271147512.0,WF,2021.0,67,8,Original
River Complex,NO,CA,2021-07-30,2021-10-24,199359.0,L,95340595.0,WF,2021.0,86,7,Original
Telegraph,SW,AZ,2021-06-04,2021-07-02,180757.0,H,36400000.0,WF,2021.0,28,6,Original
Richard Spring,Unknown,MT,2021-08-08,2021-08-20,171130.0,L,6500000.0,WF,2021.0,12,8,Original
Antelope,NO,CA,2021-08-01,2021-10-14,145632.0,U,74950300.0,WF,2021.0,74,8,Original
McFarland,NO,CA,2021-07-30,2021-09-15,122653.0,L,43960000.0,WF,2021.0,47,7,Original
Four County,RM,KS,2021-12-15,2021-12-23,121622.0,H,8054277.5,WF,2021.0,8,12,Imputed
"Snake River
Complex",Unknown,ID,2021-07-08,2021-08-18,109444.0,L,9498972.0,WF,2021.0,41,7,Original
Schneider Springs,NW,WA,2021-08-04,2021-10-25,107322.0,L,53955225.0,WF,2021.0,82,8,Original
"Beckwourth
Complex",NO,CA,2021-07-03,2021-09-21,105670.0,U,542539952.0,WF,2021.0,80,7,Original
Windy,SO,CA,2021-09-09,2021-11-10,97528.0,L,78421741.0,WF,2021.0,62,9,Original
McCash,NO,CA,2021-07-31,2021-10-27,94962.0,L,53350000.0,WF,2021.0,88,7,Original
Cougar Peak,NW,OR,2021-09-07,2021-10-20,91810.0,U,26000000.0,WF,2021.0,43,9,Original
Johnson,SW,NM,2021-05-20,2021-07-15,88918.0,L,7500000.0,WF,2021.0,56,5,Original
Boundary,GB,ID,2021-08-10,2021-10-21,88757.0,L,12002000.0,WF,2021.0,72,8,Original
KNP Complex,SO,CA,2021-09-12,2021-12-15,88307.0,L,170000000.0,WF,2021.0,94,9,Original
Rafael,SW,AZ,2021-06-20,2021-07-13,78065.0,L,11000000.0,WF,2021.0,23,6,Original
Mescal,SW,AZ,2021-06-01,2021-06-16,72250.0,H,12075000.0,WF,2021.0,15,6,Original
Cub Creek 2,NW,WA,2021-07-16,2021-09-26,70168.0,H,27788529.0,WF,2021.0,72,7,Original
"Devilâ€™s Knob
Complex",NW,OR,2021-08-03,2021-10-29,70110.0,L,11017094.0,WF,2021.0,87,8,Imputed
Tamarack,GB,NV,2021-07-16,2021-10-07,68637.0,L,37000000.0,WF,2021.0,83,7,Original
Betty's Way,RM,NE,2024-02-26,2024-03-11,69810.0,U,6558914.5,WF,2024.0,14,2,Imputed
Smokehouse Creek,SA,TX,2024-02-26,2024-03-17,1054153.0,H,8850996.0,WF,2024.0,20,2,Imputed
Catesby,SA,OK,2024-02-27,2024-03-15,89688.0,H,5369880.5,WF,2024.0,17,2,Imputed
McDonald,AK,AK,2024-06-08,2024-07-20,152227.0,L,5103507.5,WF,2024.0,42,6,Imputed
Midnight,AK,AK,2024-06-19,2024-07-09,52550.0,L,5060449.5,WF,2024.0,20,6,Imputed
Grapefruit Complex,AK,AK,2024-06-28,2024-07-13,89011.0,U,6238051.5,WF,2024.0,15,6,Imputed
Falls,NW,OR,2024-07-10,2024-08-21,151689.0,H,9347956.0,WF,2024.0,42,7,Imputed
Cow Valley,NW,OR,2024-07-11,2024-08-09,133490.0,U,8490872.0,WF,2024.0,29,7,Imputed
Lone Rock,NW,OR,2024-07-13,2024-08-31,137222.0,U,7442627.5,WF,2024.0,49,7,Imputed
Boneyard,NW,OR,2024-07-17,2024-07-25,49716.0,L,6470360.5,WF,2024.0,8,7,Imputed
Durkee,NW,OR,2024-07-17,2024-09-04,294265.0,L,8894363.0,WF,2024.0,49,7,Imputed
"Battle Mountain
Complex",NW,OR,2024-07-18,2024-09-14,183026.0,U,7758838.5,WF,2024.0,58,7,Imputed
Monkey Creek,NW,OR,2024-07-18,2024-07-20,115269.0,U,6108565.5,WF,2024.0,2,7,Imputed
Swawilla I,NW,WA,2024-07-18,2024-11-03,53462.0,L,9949323.0,WF,2024.0,108,7,Imputed
Telephone,NW,OR,2024-07-22,2024-08-21,54005.0,L,7643340.5,WF,2024.0,30,7,Imputed
Crazy Creek,NW,OR,2024-07-22,2024-09-25,86968.0,L,6757524.5,WF,2024.0,65,7,Imputed
Big Horn,NW,WA,2024-07-22,2024-07-30,51569.0,U,7053868.5,WF,2024.0,8,7,Imputed
Badland Complex,NW,OR,2024-07-23,2024-08-14,54617.0,U,7523488.5,WF,2024.0,22,7,Imputed
Retreat,NW,WA,2024-07-23,2024-10-01,45601.0,H,9422615.0,WF,2024.0,70,7,Imputed
Park,NO,CA,2024-07-24,2024-09-25,429603.0,U,9387572.0,WF,2024.0,63,7,Imputed
Borel,SO,CA,2024-07-24,2024-09-14,59288.0,U,6586364.0,WF,2024.0,52,7,Imputed
Wapiti,GB,ID,2024-07-24,2024-10-24,129063.0,L,13365921.0,WF,2024.0,92,7,Imputed
Hole In The Ground,NW,OR,2024-07-24,2024-08-01,98855.0,L,6679343.5,WF,2024.0,8,7,Imputed
Paddock,GB,ID,2024-08-05,2024-08-17,187185.0,L,8443766.0,WF,2024.0,12,8,Imputed
Warner Peak,NW,OR,2024-08-05,2024-08-23,65866.0,L,10316843.0,WF,2024.0,18,8,Imputed
Nellie,GB,ID,2024-08-06,2024-08-08,48196.0,L,7775098.0,WF,2024.0,2,8,Imputed
"Middle Fork
Complex",GB,ID,2024-08-08,2024-10-24,61496.0,U,8569397.0,WF,2024.0,77,8,Imputed
Flat Rock,RM,WY,2024-08-21,2024-09-12,52421.0,U,8346859.5,WF,2024.0,22,8,Imputed
House Draw,RM,WY,2024-08-21,2024-09-12,174547.0,L,7044677.5,WF,2024.0,22,8,Imputed
Remington,RM,WY,2024-08-22,2024-09-19,196368.0,U,9198912.0,WF,2024.0,28,8,Imputed
Red Rock,GB,ID,2024-09-02,2024-10-28,79260.0,L,7212567.5,WF,2024.0,56,9,Imputed
Rail Ridge,NW,OR,2024-09-02,2024-10-31,176661.0,L,10867325.0,WF,2024.0,59,9,Imputed
Lava,GB,ID,2024-09-03,2024-10-24,97585.0,L,8715613.0,WF,2024.0,51,9,Imputed
Line,SO,CA,2024-09-04,2024-12-24,43978.0,U,8560054.0,WF,2024.0,111,9,Imputed
Bridge,SO,CA,2024-09-08,2024-12-29,56030.0,U,8511200.0,WF,2024.0,112,9,Imputed
Pack Trail,RM,WY,2024-09-18,2024-11-02,89930.0,L,7703734.5,WF,2024.0,45,9,Imputed
Elk,RM,WY,2024-09-27,2024-11-14,98352.0,U,9141611.0,WF,2024.0,48,9,Imputed
Old Grouch Top,AK,AK,2019-06-05,2019-08-01,307969.0,L,61000.0,WF,2019.0,57,6,Original
Frozen Calf,AK,AK,2019-06-24,2019-07-11,240543.0,L,4332806.0,WF,2019.0,17,6,Original
Hess Creek,AK,AK,2019-06-21,2019-08-01,189369.0,L,3005369.0,WF,2019.0,41,6,Original
Swan Lake,AK,AK,2019-06-05,2019-10-02,167183.0,L,48101094.0,WF,2019.0,119,6,Original
Bearnose Hill,AK,AK,2019-06-29,2019-07-11,130768.0,L,2108024.0,WF,2019.0,12,6,Original
Woodbury,SW,AZ,2019-06-08,2019-07-05,123875.0,U,20000000.0,WF,2019.0,27,6,Original
Sheep,GB,ID,2019-06-22,2019-07-25,112106.0,L,710000.0,WF,2019.0,33,6,Original
Black River,AK,AK,2019-06-18,2019-08-08,107078.0,L,30000.0,WF,2019.0,51,6,Original
North River,AK,AK,2019-06-10,2019-07-21,101451.0,L,40000.0,WF,2019.0,41,6,Original
Tractor Trail 2,AK,AK,2019-06-22,2019-07-11,92628.0,L,461188.0,WF,2019.0,19,6,Original
Hurst Creek,AK,AK,2019-06-22,2019-07-04,85261.0,L,231175.0,WF,2019.0,12,6,Original
"Little Crazy
Mountain",AK,AK,2019-06-21,2019-07-25,79953.0,L,4517871.0,WF,2019.0,34,6,Imputed
Little Mud River,AK,AK,2019-06-21,2019-07-25,79675.0,L,4517871.0,WF,2019.0,34,6,Imputed
Kincade,NO,CA,2019-10-23,2019-11-07,77758.0,U,77144684.0,WF,2019.0,15,10,Original
Smith Creek,AK,AK,2019-06-30,2019-08-02,71815.0,H,7770810.0,WF,2019.0,33,6,Imputed
Pothole,GB,ID,2019-08-06,2019-08-08,69704.0,H,600000.0,WF,2019.0,2,8,Original
Hadweenzic River,AK,AK,2019-06-22,2019-07-19,62068.0,L,5004308.0,WF,2019.0,27,6,Original
Walker,NO,CA,2019-08-16,2019-09-25,54608.0,U,35600000.0,WF,2019.0,40,8,Original
Wilderness,AK,AK,2019-06-20,2019-07-25,53411.0,L,60000.0,WF,2019.0,35,6,Original
Foraker,AK,AK,2019-06-26,2019-07-25,49980.0,L,203477.0,WF,2019.0,29,6,Original
Grouse Creek,AK,AK,2019-07-10,2019-08-07,49533.0,L,2000000.0,WF,2019.0,28,7,Original
Page Mountain,AK,AK,2019-06-22,2019-08-01,46897.0,L,394900.0,WF,2019.0,40,6,Original
Williams Flatt,NW,WA,2019-08-02,2019-08-24,44446.0,L,19432000.0,WF,2019.0,22,8,Original
Bergman Creek,AK,AK,2019-06-21,2019-07-25,42300.0,L,1233004.0,WF,2019.0,34,6,Original
Sawgrass,SA,FL,2019-06-23,2019-06-27,42000.0,L,4605449.0,WF,2019.0,4,6,Imputed
Cold Creek,NW,WA,2019-07-18,2019-07-21,41920.0,U,900000.0,WF,2019.0,3,7,Original
Wallow,SW,AZ,2011-05-29,2011-07-08,538049.0,U,109000000.0,WF,2011.0,40,5,Original
Rock House,SA,TX,2011-04-09,2011-05-12,314444.0,H,8399072.0,WF,2011.0,33,4,Original
Honey Prairie,SA,GA,2011-04-30,2011-12-28,309200.0,L,53420000.0,WF,2011.0,242,4,Original
Horseshoe 2,SW,AZ,2011-05-08,2011-07-20,222954.0,H,52000000.0,WF,2011.0,73,5,Original
Deaton Cole,SA,TX,2011-04-25,2011-05-11,175000.0,U,7213332.5,WF,2011.0,16,4,Imputed
Cooper Mountain Ranch,SA,TX,2011-04-11,2011-04-23,162625.0,L,1194159.0,WF,2011.0,12,4,Original
Wildcat,SA,TX,2011-04-11,2011-05-02,159308.0,L,5282333.0,WF,2011.0,21,4,Original
Las Conchas,SW,NM,2011-06-26,2011-07-13,156593.0,H,48385000.0,WF,2011.0,17,6,Original
Pk Complex,SA,TX,2011-04-13,2011-05-12,126734.0,H,6639413.0,WF,2011.0,29,4,Original
Swenson,SA,TX,2011-04-06,2011-04-23,122500.0,H,2567948.0,WF,2011.0,17,4,Original
Indian Creek,WB,NV,2011-09-30,2011-10-13,110827.0,L,2500000.0,WF,2011.0,13,9,Original
High Cascades,NW,OR,2011-08-24,2011-09-21,108154.0,L,28294465.0,WF,2011.0,28,8,Original
Southeast Texas Complex,SA,TX,2011-09-07,2011-11-18,104818.0,U,20065853.0,WF,2011.0,72,9,Original
Donaldson,SW,NM,2011-06-28,2011-07-09,101563.0,L,5700000.0,WF,2011.0,11,6,Original
Pagami Creek,SW,MN,2011-08-17,2011-10-22,92193.0,L,22700000.0,WF,2011.0,66,8,Original
Dickens County Complex,SA,TX,2011-05-07,2011-05-21,89200.0,L,5481328.0,WF,2011.0,14,5,Imputed
Miller,SW,NM,2011-04-28,2011-06-14,88835.0,H,18100000.0,WF,2011.0,47,4,Original
Iron Mountain,SA,TX,2011-05-09,2011-05-24,87401.0,U,7434785.0,WF,2011.0,15,5,Imputed
Schwartz,SA,TX,2011-05-07,2011-05-24,83995.0,U,7747750.0,WF,2011.0,17,5,Imputed
Frying Pan Ranch,SA,TX,2011-04-14,2011-04-20,80907.0,U,277072.0,WF,2011.0,6,4,Original
White Hat,SA,TX,2011-06-20,2011-07-01,72473.0,U,4443411.5,WF,2011.0,11,6,Imputed
Prairie,SA,FL,2011-06-05,2011-06-24,68295.0,H,7009759.5,WF,2011.0,19,6,Imputed
Murphy Complex,SW,AZ,2011-05-30,2011-06-15,68079.0,H,5692555.0,WF,2011.0,16,5,Original
Big Hill,EB,ID,2011-08-14,2011-08-17,67000.0,L,150000.0,WF,2011.0,3,8,Original
Enterprise,SW,NM,2011-02-27,2011-02-28,64936.0,H,37000.0,WF,2011.0,1,2,Original
Crawford Ranch,SA,TX,2011-04-09,2011-04-12,60000.0,U,6829620.5,WF,2011.0,3,4,Imputed
Hancock Complex,NW,OR,2011-08-24,2011-09-16,57597.0,L,2896867.0,WF,2011.0,23,8,Original
East Volkmar,AK,AK,2011-05-26,2011-08-10,54217.0,L,6912031.0,WF,2011.0,76,5,Original
Killough,SA,TX,2011-04-09,2011-04-16,54000.0,U,6155856.5,WF,2011.0,7,4,Imputed
Last Chance,SW,NM,2011-04-24,2011-05-09,53342.0,H,2062400.0,WF,2011.0,15,4,Original
Diamond Complex,Unknown,MT,2011-08-22,2011-09-03,52710.0,L,4982582.0,WF,2011.0,12,8,Original
Northeast Texas Complex,SA,TX,2011-09-04,2011-09-29,52681.0,U,3958900.0,WF,2011.0,25,9,Original
T17,EB,ID,2011-08-25,2011-08-27,50176.0,U,410000.0,WF,2011.0,2,8,Original
Chukkar Canyon,WB,NV,2011-09-30,2011-10-13,48672.0,L,500000.0,WF,2011.0,13,9,Original
Pains Bay,SA,NC,2011-05-05,2011-06-28,45294.0,L,13934482.0,WF,2011.0,54,5,Original
Bear Springs Callie Marie,RM,CO,2011-06-05,2011-06-21,44662.0,L,2500000.0,WF,2011.0,16,6,Original
Izzenhood,WB,NV,2011-09-30,2011-10-13,42157.0,L,500000.0,WF,2011.0,13,9,Original
Matador West,SA,TX,2011-02-27,2011-03-02,41000.0,U,6728341.5,WF,2011.0,3,2,Imputed
Roper,SA,TX,2011-04-11,2011-04-13,41000.0,U,82000.0,WF,2011.0,2,4,Original
#536 Bear Creek,SA,TX,2011-09-04,2011-09-10,40388.0,U,48400.0,WF,2011.0,6,9,Original
Stanton County,RM,KS,2011-03-22,2011-03-28,40000.0,H,4203670.0,WF,2011.0,6,3,Imputed
Chester,SA,OK,2009-07-10,2009-07-17,41497.0,U,250000.0,WF,2009.0,7,7,Original
Bluff Creek,AK,AK,2009-07-26,2009-11-10,41756.0,L,8949483.0,WF,2009.0,107,7,Imputed
Big Pole,EB,UT,2009-08-06,2009-11-09,44345.0,L,9205940.0,WF,2009.0,95,8,Imputed
Dry Creek Complex,NW,WA,2009-08-20,2009-08-24,48902.0,L,870000.0,WF,2009.0,4,8,Original
Bear Creek,AK,AK,2009-06-17,2009-09-25,50897.0,L,6553405.0,WF,2009.0,100,6,Imputed
Putnam,SA,OK,2009-03-05,2009-03-11,52790.0,N,4854165.5,WF,2009.0,6,3,Imputed
East Slide Rock Ridge,WB,NV,2008-08-10,2009-04-07,54549.0,L,8682458.0,WF,2009.0,240,8,Imputed
Cato,SW,NM,2009-06-10,2009-06-13,55080.0,L,460000.0,WF,2009.0,3,6,Original
Chakina,AK,AK,2009-07-02,2009-08-25,56413.0,L,1933616.0,WF,2009.0,54,7,Original
Loco/Healdton,SA,OK,2009-04-09,2009-04-15,56688.0,U,5773104.0,WF,2009.0,6,4,Imputed
Rock Slough,AK,AK,2009-06-30,2009-11-10,62313.0,L,7397266.5,WF,2009.0,133,6,Imputed
Sheenjek,AK,AK,2009-07-02,2009-10-01,62658.0,L,245000.0,WF,2009.0,91,7,Original
Stevens Creek #1,AK,AK,2009-06-18,2009-11-10,85909.0,L,8100497.0,WF,2009.0,145,6,Imputed
La Brea,SO,CA,2009-08-08,2009-10-05,89489.0,H,12668344.0,WF,2009.0,58,8,Imputed
Pasco,SW,NM,2009-06-10,2009-06-23,93029.0,L,450000.0,WF,2009.0,13,6,Original
Rex Creek *,AK,AK,2009-08-02,2009-09-01,101150.0,L,9776578.0,WF,2009.0,30,8,Imputed
Wood River 1,AK,AK,2009-07-12,2009-09-01,125382.0,L,7769895.5,WF,2009.0,51,7,Imputed
Nowitna,AK,AK,2009-06-13,2009-08-01,126582.0,L,5898279.0,WF,2009.0,49,6,Imputed
Zitziana,AK,AK,2009-06-17,2009-08-01,141125.0,L,6799159.5,WF,2009.0,45,6,Imputed
Station,SO,CA,2009-08-26,2009-11-22,160577.0,H,95510000.0,WF,2009.0,88,8,Original
Tonclonukna Creek,AK,AK,2009-05-23,2009-07-01,164318.0,L,2969556.0,WF,2009.0,39,5,Original
Titna River,AK,AK,2009-07-11,2009-08-01,164542.0,L,5652879.0,WF,2009.0,21,7,Imputed
Big Creek,AK,AK,2009-07-18,2009-08-18,169639.0,L,820825.0,WF,2009.0,31,7,Original
Little Black One **,AK,AK,2009-06-20,2009-08-01,349450.0,L,6299296.0,WF,2009.0,42,6,Imputed
"Crazy Mountain
Complex **",AK,AK,2009-06-20,2009-08-01,447420.0,L,8570101.0,WF,2009.0,42,6,Imputed
Minto Flats South *,AK,AK,2009-06-21,2009-07-01,517078.0,L,7021673.5,WF,2009.0,10,6,Imputed
Railbelt Complex *,AK,AK,2009-06-21,2009-08-01,636224.0,L,9529215.0,WF,2009.0,41,6,Imputed
