Name,GACC,State,Start_Date,Last_Report_Date,Size_Acres,Cause,Cost,Inc_Type,Year,Duration_Days,Start_Month
Buzzard Complex,NW,OR,2014-07-14,2014-09-11,395747.0,L,11062411.0,WF,2014.0,59,7
Carlton Complex,NW,WA,2014-07-14,2014-08-28,256108.0,L,68800000.0,WF,2014.0,45,7
Funny River,AK,AK,2014-05-19,2014-08-14,195858.0,H,11496627.0,WF,2014.0,87,5
Happy Camp Complex,NO,CA,2014-08-14,2014-12-04,134056.0,L,88214725.0,WF,2014.0,112,8
King,NO,CA,2014-09-13,2014-10-09,97717.0,H,119000000.0,WF,2014.0,26,9
Skunk,SW,AZ,2014-04-19,2014-06-26,73622.0,L,1800000.0,WF,2014.0,68,4
Big Cougar,Unknown,ID,2014-08-02,2014-08-22,65227.0,L,4500000.0,WF,2014.0,20,8
July Complex,NO,CA,2014-08-03,2014-09-25,50042.0,L,50295981.0,WF,2014.0,53,8
Shaniko Butte,NW,OR,2014-07-12,2014-09-25,42044.0,L,5200000.0,WF,2014.0,75,7
Glass Fire,SA,TX,2008-02-25,2008-03-02,219556.0,H,,WF,2008.0,6,2
Klamath Theater,NO,CA,2008-06-21,2008-09-26,192038.0,L,126086065.0,WF,2008.0,97,6
Basin Complex,SO,CA,2008-06-21,2008-07-29,162818.0,L,78096079.0,WF,2008.0,38,6
"Iron & Alps 
Complexes",NO,CA,2008-06-21,2008-09-04,105805.0,L,73974917.0,WF,2008.0,75,6
"Dunn Mtn. 
Assist",Unknown,MT,2008-08-21,2008-09-02,102383.0,L,2900000.0,WF,2008.0,12,8
Lime Complex,NO,CA,2008-06-20,2008-08-30,99585.0,L,59329698.0,WF,2008.0,71,6
Huckabee,SA,TX,2008-04-30,2008-05-08,98200.0,U,,WF,2008.0,8,4
"SHU Lightning 
Complex",NO,CA,2008-06-21,2008-07-30,86500.0,L,56438391.0,WF,2008.0,39,6
Complex,NO,CA,2008-06-21,2008-09-13,82186.0,L,65692836.0,WF,2008.0,84,6
Indians,SO,CA,2008-06-08,2008-07-12,76554.0,H,42500000.0,WF,2008.0,34,6
Panther,NO,CA,2008-07-22,2008-10-08,72344.0,L,,WF,2008.0,78,7
Gunbarrel,RM,WY,2008-07-26,2008-09-08,68148.0,L,11200000.0,WF,2008.0,44,7
,SA,TX,2008-03-14,2008-03-19,67500.0,H,,WF,2016.0,5,3
Stiles Complex,SW,NM,2008-03-14,2008-03-16,67008.0,H,71644.0,WF,2008.0,2,3
"BTU Lightning 
Complex",NO,CA,2008-06-21,2008-10-22,64995.0,L,94825683.0,WF,2008.0,123,6
"South 
Complex",NO,CA,2008-06-20,2008-11-05,58871.0,L,,WF,2008.0,138,6
"MEU Lightning 
Complex",NO,CA,2008-06-20,2008-12-01,54819.0,L,66000000.0,WF,2008.0,164,6
"East Slide Rock 
Ridge",WB,NV,2008-08-10,2008-09-14,54549.0,L,8873000.0,WF,2008.0,35,8
"NR 
NR 
Rocky",SW,NM,2008-06-18,2008-06-25,49132.0,L,2158700.0,WF,2008.0,7,6
"Canyon 
Complex",NO,CA,2008-06-21,2008-11-03,47680.0,L,,WF,2008.0,135,6
Bridger Fire,RM,CO,2008-06-08,2008-07-09,45800.0,L,,WF,2008.0,31,6
Hughes Ranch,SA,TX,2008-06-04,2008-06-09,45241.0,U,,WF,2008.0,5,6
Evans Road,SA,NC,2008-06-01,2008-09-29,40704.0,L,18249415.0,WF,2008.0,120,6
"NW Oklahoma
Complex",SA,OK,2017-03-07,2017-03-24,779292.0,U,,WF,2017.0,17,3
Perryton,SA,TX,2017-03-06,2017-03-13,318156.0,H,,WF,2017.0,7,3
Thomas,SO,CA,2017-12-04,2017-12-31,270000.0,U,123836000.0,WF,2017.0,27,12
"Lodgepole
Complex",Unknown,MT,2017-07-20,2017-08-11,270000.0,U,,WF,2017.0,22,7
Roosters Comb,GB,NV,2017-07-09,2017-07-24,218380.0,U,4000000.0,WF,2017.0,15,7
Chetco Bar,NW,OR,2017-07-12,2017-10-26,191125.0,L,72000000.0,WF,2017.0,106,7
Rice Ridge,Unknown,MT,2017-07-24,2017-10-17,160187.0,L,49251000.0,WF,2017.0,85,7
"Four Seasons
Complex",GB,NV,2017-07-16,2017-07-25,159986.0,U,,WF,2017.0,9,7
West Mims,SA,GA,2017-04-06,2017-06-29,152515.0,L,45500000.0,WF,2017.0,84,4
Lefors East,SA,TX,2017-03-07,2017-03-10,135000.0,H,,WF,2017.0,3,3
Diamond Creek,NW,WA,2017-07-23,2017-10-05,128272.0,U,14760000.0,WF,2017.0,74,7
"Central LNU
Complex",NO,CA,2017-10-09,2017-10-10,110720.0,U,,WF,2017.0,1,10
Sartin Draw,Unknown,MT,2017-08-30,2017-09-04,99735.0,L,1500000.0,WF,2017.0,5,8
Truckee,GB,NV,2017-07-03,2017-07-11,98960.0,U,2120260.0,WF,2017.0,8,7
Tohakum 2,GB,NV,2017-08-29,2017-07-11,94221.0,L,3456000.0,WF,2017.0,-49,8
Campbell River,AK,AK,2017-06-26,2017-10-12,93520.0,L,,WF,2017.0,108,6
Oak,NO,CA,2017-08-12,2017-09-23,86830.0,L,,WF,2017.0,42,8
Highline,GB,ID,2017-07-28,2017-09-21,84619.0,L,2167864.0,WF,2017.0,55,7
Long Valley,GB,CA,2017-07-11,2017-07-21,83733.0,U,11953000.0,WF,2017.0,10,7
"Modoc July
Complex",NO,CA,2017-07-24,2017-08-13,83120.0,U,,WF,2017.0,20,7
Detwiler,SO,CA,2017-07-16,2017-08-07,81826.0,U,90000000.0,WF,2017.0,22,7
"White Mountain
Creek",AK,AK,2017-07-03,2017-10-05,78857.0,L,,WF,2017.0,94,7
Eclipse Complex,NO,CA,2017-08-15,2017-10-08,78698.0,U,46006691.0,WF,2017.0,54,8
Brush Flat,Unknown,MT,2017-08-31,2017-09-04,73797.0,L,400000.0,WF,2017.0,4,8
Brianhead,GB,UT,2017-06-17,2017-07-24,71673.0,H,3660000.0,WF,2017.0,37,6
Nena Springs,NW,OR,2017-08-08,2017-08-29,68007.0,H,8900000.0,WF,2017.0,21,8
"Salmon August
Complex",NO,CA,2017-08-13,2017-10-04,65889.0,U,,WF,2017.0,52,8
Dry Gulch,GB,NV,2017-07-04,2017-07-11,64000.0,U,2700000.0,WF,2017.0,7,7
Meyers,Unknown,MT,2017-07-14,2017-10-13,62034.0,L,32800000.0,WF,2017.0,91,7
Snowstorm,GB,NV,2017-07-14,2017-07-15,60000.0,U,482448.0,WF,2017.0,1,7
Rim,SO,CA,2013-08-17,2013-10-24,257314.0,U,127350000.0,WF,2013.0,68,8
Lime Hills,AK,AK,2013-05-31,2013-08-29,201808.0,L,2883457.0,WF,2013.0,90,5
Moore Creek,AK,AK,2013-06-02,2013-08-29,157747.0,L,371499.0,WF,2013.0,88,6
Pony Complex,EB,ID,2013-08-09,2013-08-19,149384.0,L,4000000.0,WF,2013.0,10,8
Silver,SW,NM,2013-06-07,2013-09-10,138546.0,L,14300000.0,WF,2013.0,95,6
Elk Complex,EB,ID,2013-08-09,2013-08-31,131258.0,L,10720000.0,WF,2013.0,22,8
Beaver Creek,EB,ID,2013-08-07,2013-09-02,111490.0,L,26500000.0,WF,2013.0,26,8
West Fork Complex,RM,CO,2013-06-05,2013-10-31,109615.0,L,31261047.0,WF,2013.0,148,6
Stuart Creek #2,AK,AK,2013-06-19,2013-08-23,87064.0,H,20984698.0,WF,2013.0,65,6
Colockum Tarps,NW,WA,2013-07-27,2013-08-18,80184.0,H,11000000.0,WF,2013.0,22,7
Mississippi,AK,AK,2013-05-30,2013-11-02,67338.0,H,5220000.0,WF,2013.0,156,5
Beaver Log Lakes,AK,AK,2013-06-22,2013-08-28,64499.0,L,1847258.0,WF,2013.0,67,6
Prospect Creek,AK,AK,2013-06-20,2013-09-03,64078.0,L,98377.0,WF,2013.0,75,6
Sandless Lake,AK,AK,2013-06-25,2013-09-03,62318.0,L,10000.0,WF,2013.0,70,6
Sunnyside Turnoff,NW,OR,2013-07-20,2013-09-03,51340.0,H,4000000.0,WF,2013.0,45,7
Douglas Complex,NW,OR,2013-07-26,2013-10-18,48679.0,L,55000000.0,WF,2013.0,84,7
Sulatna River,AK,AK,2013-06-21,2013-08-28,47588.0,L,7000.0,WF,2013.0,68,6
Chisana River,AK,AK,2013-05-31,2013-10-23,46638.0,L,35776.0,WF,2013.0,145,5
Owyhee,NW,OR,2013-07-01,2013-07-08,46559.0,L,1843801.0,WF,2013.0,7,7
Gold Pan Complex,Unknown,MT,2013-07-16,2013-10-03,43429.0,L,11860878.0,WF,2013.0,79,7
Lime Complex,AK,AK,2022-06-15,2022-07-26,865625.0,U,12726992.0,WF,2022.0,41,6
Hermits Peak,SW,NM,2022-04-07,2022-10-20,341735.0,H,330100293.0,WF,2022.0,196,4
Black,SW,NM,2022-05-13,2022-11-10,325136.0,H,60190000.0,WF,2022.0,181,5
Paradise Complex,AK,AK,2022-07-07,2022-08-11,275703.0,U,2782896.0,WF,2022.0,35,7
Tatlawiksuk,AK,AK,2022-06-05,2022-07-22,229439.0,L,75965.0,WF,2022.0,47,6
NC HPAI 2022,SA,NC,2022-04-11,2022-04-19,212865.0,U,484012.0,WF,2022.0,8,4
Bean Complex,AK,AK,2022-06-25,2022-08-06,212504.0,U,11656365.0,WF,2022.0,42,6
Koktuli River,AK,AK,2022-06-08,2022-06-12,205862.0,L,,WF,2022.0,4,6
Hog Butte,AK,AK,2022-06-05,2022-07-06,204145.0,L,628717.0,WF,2022.0,31,6
Double Creek,NW,OR,2022-08-30,2022-10-21,171532.0,L,39500000.0,WF,2022.0,52,8
East Fork,AK,AK,2022-06-02,2022-07-27,166760.0,L,6150000.0,WF,2022.0,55,6
Poorman Complex,AK,AK,2022-06-28,2022-09-07,140355.0,U,,WF,2022.0,71,6
Moose,GB,ID,2022-07-17,2022-11-10,130205.0,H,98200000.0,WF,2022.0,116,7
Cedar Creek,NW,OR,2022-08-04,2022-11-24,127311.0,L,133750000.0,WF,2022.0,112,8
Aghaluk Mountain,AK,AK,2022-06-06,2022-06-14,115030.0,L,12726992.0,WF,2022.0,8,6
Door Mountain,AK,AK,2022-06-09,2022-06-10,114294.0,L,500.0,WF,2022.0,1,6
Chitanana,AK,AK,2022-06-19,2022-06-23,100246.0,L,1148818.0,WF,2022.0,4,6
"Dalton Highway
Complex",AK,AK,2022-07-01,2022-08-04,91679.0,U,6971097.0,WF,2022.0,34,7
Pike Creek,AK,AK,2022-06-08,2022-07-29,88108.0,L,76037.0,WF,2022.0,51,6
Swift River,AK,AK,2022-06-08,2022-06-12,85073.0,L,,WF,2022.0,4,6
Apoon Pass,AK,AK,2022-06-09,2022-06-30,84138.0,L,,WF,2022.0,21,6
Mosquito,NO,CA,2022-09-06,2022-10-23,76788.0,H,181100000.0,WF,2022.0,47,9
Clear,AK,AK,2022-06-21,2022-09-08,73284.0,L,2363465.0,WF,2022.0,79,6
Bitzshitini,AK,AK,2022-06-19,2022-06-23,71266.0,L,216545.0,WF,2022.0,4,6
Camp Creek,AK,AK,2022-06-27,2022-06-27,69006.0,L,45000.0,WF,2022.0,0,6
Donut,AK,AK,2022-06-21,2022-06-23,68348.0,L,45000.0,WF,2022.0,2,6
"Middle Tanana
Complex",AK,AK,2022-07-03,2022-09-08,62861.0,U,3434457.0,WF,2022.0,67,7
North Fork,AK,AK,2022-06-21,2022-07-21,60750.0,L,,WF,2022.0,30,6
McKinney,NO,CA,2022-07-29,2022-11-07,60138.0,U,96580000.0,WF,2022.0,101,7
Cooks Peak,SW,NM,2022-04-17,2022-05-31,59359.0,U,12500000.0,WF,2022.0,44,4
Lansing Creek,AK,AK,2022-06-21,2022-07-21,56371.0,L,,WF,2022.0,30,6
Eastland Complex,SA,TX,2022-03-17,2022-04-06,54513.0,U,7.0,WF,2022.0,20,3
Door Creek,AK,AK,2022-06-13,2022-06-13,54006.0,L,,WF,2022.0,0,6
Schilling Creek,AK,AK,2022-06-17,2022-07-21,53526.0,L,50000.0,WF,2022.0,34,6
Titnuk Creek,AK,AK,2022-06-09,2022-06-11,53291.0,L,,WF,2022.0,2,6
Borrega,SA,TX,2022-03-30,2022-04-04,51566.0,H,,WF,2022.0,5,3
"Fourth of July
Creek",AK,AK,2022-06-08,2022-07-22,51146.0,L,70912.0,WF,2022.0,44,6
Radio Creek,AK,AK,2022-06-21,2022-07-27,45801.0,L,75000.0,WF,2022.0,36,6
Kiknik,AK,AK,2022-06-09,2022-06-11,45734.0,L,3033.0,WF,2022.0,2,6
Cerro Pelado,SW,NM,2022-04-22,2022-07-11,45605.0,H,46800000.0,WF,2022.0,80,4
Long Butte,EB,ID,2010-08-21,2010-09-03,306113.0,L,4225000.0,WF,2010.0,13,8
Toklat,AK,AK,2010-05-16,2010-06-04,171727.0,L,2109186.0,WF,2010.0,19,5
Jefferson,EB,ID,2010-07-13,2010-07-17,109436.0,H,700819.0,WF,2010.0,4,7
Turquoise Lake,AK,AK,2010-05-18,2010-09-07,91885.0,H,317515.0,WF,2010.0,112,5
Big Mountain,AK,AK,2010-06-02,2010-09-02,83746.0,L,,WF,2010.0,92,6
Pat Creek,AK,AK,2010-06-25,2010-12-30,72692.0,L,11622393.0,WF,2010.0,188,6
Lone Mountain,AK,AK,2010-05-29,2010-12-22,51996.0,L,10044.0,WF,2010.0,207,5
Twitchell Canyon,EB,UT,2010-07-20,2010-11-18,44892.0,L,17363000.0,WF,2010.0,121,7
Bull Creek,AK,AK,2010-05-31,2010-06-25,41911.0,L,,WF,2010.0,25,5
Anderson Creek,SA,OK,2016-03-23,2016-04-04,367740.0,U,1750000.0,WF,2016.0,12,3
Pioneer,GB,ID,2016-07-18,2016-10-27,188404.0,U,90000000.0,WF,2016.0,101,7
Range 12,NW,WA,2016-07-30,2016-08-08,176600.0,U,1700000.0,WF,2016.0,9,7
Soberanes,SO,CA,2016-07-22,2016-10-23,132127.0,H,262500000.0,WF,2016.0,93,7
Hot Pot,GB,NV,2016-07-02,2016-07-10,122292.0,U,3402259.0,WF,2016.0,8,7
Alatna Complex,AK,AK,2016-06-28,2016-07-24,113157.0,L,1040018.0,WF,2016.0,26,6
Virginia Mountains Complex,GB,NV,2016-07-29,2016-08-06,59727.0,L,8000200.0,WF,2016.0,8,7
Dulbi Flats,AK,AK,2016-06-26,2016-08-26,58138.0,L,,WF,2016.0,61,6
350 Complex,SA,OK,2016-05-05,2016-05-15,57167.0,U,900000.0,WF,2016.0,10,5
Henrys Creek,GB,ID,2016-08-21,2016-08-31,52972.0,U,4320000.0,WF,2016.0,10,8
Erskine,SO,CA,2016-06-23,2016-07-07,48019.0,U,23000000.0,WF,2016.0,14,6
Chimney,SO,CA,2016-08-13,2016-09-05,46344.0,U,78300000.0,WF,2016.0,23,8
Cedar,SW,AZ,2016-06-15,2016-07-28,45977.0,U,14000000.0,WF,2016.0,43,6
Maple,RM,WY,2016-08-08,2016-10-27,45516.0,L,6267928.0,WF,2016.0,80,8
Crutch Complex,SA,TX,2016-03-24,2016-03-24,44696.0,U,,WF,2016.0,0,3
Big Mud,AK,AK,2016-06-01,2016-06-19,42641.0,L,59268.0,WF,2016.0,18,6
North,SW,NM,2016-05-21,2016-07-14,42102.0,L,4800000.0,WF,2016.0,54,5
Rail,NW,OR,2016-07-31,2016-09-29,41706.0,U,34900000.0,WF,2016.0,60,7
Cottonwood CA,RM,SD,2016-10-16,2016-10-18,41360.0,U,170000.0,WF,2016.0,2,10
Long Draw,NW,OR,2012-07-08,2012-07-30,557628.0,L,4360000.0,WF,2012.0,22,7
Holloway,NW/WB,OR/NV,2012-08-05,2012-08-23,460850.0,L,9166719.0,WF,2012.0,18,8
Mustang Complex,EB,ID,2012-07-30,2012-10-18,341488.0,L,38323413.0,WF,2012.0,80,7
Rush,NO,CA,2012-08-12,2012-09-04,315577.0,L,15170000.0,WF,2012.0,23,8
Whitewater-Baldy,SW,NM,2012-05-16,2012-07-31,297845.0,L,23000000.0,WF,2012.0,76,5
Ash Creek,Unknown,MT,2012-06-25,2012-07-11,249562.0,L,7500000.0,WF,2012.0,16,6
Kinyon Road,EB,ID,2012-07-07,2012-07-19,210874.0,L,1625000.0,WF,2012.0,12,7
Halstead,EB,ID,2012-07-27,2012-10-18,181948.0,L,26413932.0,WF,2012.0,83,7
Rosebud Creek Complex,Unknown,MT,2012-08-01,2012-08-16,171444.0,L,9000000.0,WF,2012.0,15,8
Miller Homestead,NW,OR,2012-07-08,2012-09-21,160853.0,L,6000000.0,WF,2012.0,75,7
Trinity Ridge,EB,ID,2012-08-03,2012-10-18,146832.0,H,41228912.0,WF,2012.0,76,8
Flat Top 2,EB,ID,2012-08-05,2012-08-13,140954.0,L,600000.0,WF,2012.0,8,8
Chalky,Unknown,MT,2012-08-01,2012-08-03,131000.0,L,50000.0,WF,2012.0,2,8
Clay Springs,EB,UT,2012-06-27,2012-07-24,107847.0,U,6659000.0,WF,2012.0,27,6
Arapaho,RM,WY,2012-06-27,2012-07-16,98115.0,L,13100000.0,WF,2012.0,19,6
Minidoka Complex,EB,ID,2012-08-08,2012-08-23,97616.0,L,5801271.0,WF,2012.0,15,8
Barry Point,NW,OR,2012-08-06,2012-09-17,93071.0,L,23247235.0,WF,2012.0,42,8
High Park,RM,CO,2012-06-09,2012-07-11,87284.0,L,38400000.0,WF,2012.0,32,6
Region 23 Complex,RM,NE,2012-08-28,2012-09-09,86201.0,L,5300000.0,WF,2012.0,12,8
Sarpy Hills Complex,Unknown,MT,2012-07-31,2012-08-09,82000.0,L,4120000.0,WF,2012.0,9,7
Barker Canyon Complex,NW,WA,2012-09-08,2012-09-15,81155.0,L,2290268.0,WF,2012.0,7,9
Wellnitz,RM,NE,2012-08-29,2012-09-06,77683.0,L,1300000.0,WF,2012.0,8,8
Region 24 Complex,RM,NE,2012-07-20,2012-07-29,76242.0,L,3251141.0,WF,2012.0,9,7
"Southeastern Montana
Complex",Unknown,MT,2012-07-03,2012-07-11,75501.0,L,5105000.0,WF,2012.0,8,7
Chips,NO,CA,2012-07-29,2012-09-08,75431.0,U,53300000.0,WF,2012.0,41,7
Cache Creek,NW,OR,2012-08-20,2012-10-23,73697.0,L,11250000.0,WF,2012.0,64,8
Powell SBW Complex,Unknown,ID,2012-07-20,2012-11-05,67611.0,L,4882375.0,WF,2012.0,108,7
Fontenelle,EB,WY,2012-06-24,2012-10-18,65220.0,U,12650000.0,WF,2012.0,116,6
Oil Creek,RM,WY,2012-06-29,2012-07-09,62318.0,Unknown,5282964.0,WF,2012.0,10,6
Lost,NO,CA,2012-08-05,2012-08-12,61541.0,L,3700000.0,WF,2012.0,7,8
Freedom Hill,SA,OK,2012-08-03,2012-08-20,58500.0,H,200000.0,WF,2012.0,17,8
Wenatchee Complex,NW,WA,2012-09-09,2012-10-30,56478.0,L,32394876.0,WF,2012.0,51,9
Bull Run Complex,WB,NV,2012-08-09,2012-08-19,51366.0,L,4816272.0,WF,2012.0,10,8
Jacks,EB,ID,2012-07-09,2012-07-20,50816.0,L,300000.0,WF,2012.0,11,7
Keith County Complex,RM,NE,2012-08-02,2012-08-05,50000.0,L,20000.0,WF,2012.0,3,8
Uvgoon Creek #1,AK,AK,2012-07-03,2012-11-06,49305.0,L,189325.0,WF,2012.0,126,7
Sheep,Unknown,ID,2012-09-06,2012-11-06,48626.0,H,18000000.0,WF,2012.0,61,9
Seeley,EB,UT,2012-06-26,2012-08-17,48050.0,L,8699000.0,WF,2012.0,52,6
Wood Hollow,EB,UT,2012-06-23,2012-07-19,47387.0,U,5787095.0,WF,2012.0,26,6
Dry Creek,AK,AK,2012-06-23,2012-11-15,47154.0,L,15000.0,WF,2012.0,145,6
Bagley,NO,CA,2012-08-18,2012-09-22,46011.0,L,37063416.0,WF,2012.0,35,8
Alpine Lake,RM,WY,2012-08-09,2012-10-25,45877.0,L,3850000.0,WF,2012.0,77,8
Last Chance,RM,CO,2012-06-25,2012-06-26,45000.0,U,10000.0,WF,2012.0,1,6
Little Bear,SW,NM,2012-06-04,2012-07-02,44330.0,L,19404877.0,WF,2012.0,28,6
Longhorn Complex,RM,SD,2012-07-19,2012-07-30,43639.0,L,4600000.0,WF,2012.0,11,7
McGuire Complex,Unknown,ID,2012-08-27,2012-10-29,43621.0,L,24741628.0,WF,2012.0,63,8
Dallas Canyon,EB,UT,2012-07-27,2012-08-03,43610.0,L,1854802.0,WF,2012.0,7,7
Willow,WB,NV,2012-08-05,2012-08-19,43271.0,L,3000000.0,WF,2012.0,14,8
Table Mountain,NW,WA,2012-09-08,2012-10-19,42312.0,L,195000.0,WF,2012.0,41,9
North Pass,NO,CA,2012-08-18,2012-09-17,41983.0,L,30493184.0,WF,2012.0,30,8
Delphia,Unknown,MT,2012-08-24,2012-09-01,40653.0,L,2450000.0,WF,2012.0,8,8
August Complex,NO,CA,2020-08-17,2020-11-11,1032648.0,U,115511218.0,WF,2020.0,86,8
"SCU Lightning
Complex",NO,CA,2020-08-16,2020-09-14,396624.0,U,69412351.0,WF,2020.0,29,8
SHF Elkhorn,NO,CA,2020-08-29,2020-09-09,391493.0,L,,WF,2020.0,11,8
Creek,SO,CA,2020-09-04,2020-12-17,379895.0,U,193000000.0,WF,2020.0,104,9
"LNU Lightning
Complex",NO,CA,2020-08-17,2020-10-01,363220.0,U,94646381.0,WF,2020.0,45,8
North Complex,NO,CA,2020-08-17,2020-12-02,318935.0,U,112711950.0,WF,2020.0,107,8
Pearl Hill,NW,WA,2020-09-07,2020-09-15,223730.0,U,4241353.0,WF,2020.0,8,9
Cameron Peak,RM,CO,2020-08-13,2020-12-04,208913.0,U,133300000.0,WF,2020.0,113,8
Lionshead,NW,OR,2020-08-16,2020-11-12,204469.0,L,65440000.0,WF,2020.0,88,8
East Troublesome,RM,WY,2020-10-14,2020-11-25,193812.0,U,15682681.0,WF,2020.0,42,10
Beachie Creek,NW,OR,2020-08-16,2020-10-28,193573.0,U,29838526.0,WF,2020.0,73,8
Bush,SW,AZ,2020-06-13,2020-07-03,193455.0,H,11642634.0,WF,2020.0,20,6
Cold Springs,NW,WA,2020-09-06,2020-09-19,189923.0,U,3917998.0,WF,2020.0,13,9
Mullen,RM,WY,2020-09-17,2020-12-10,176878.0,U,42400000.0,WF,2020.0,84,9
Castle,SO,CA,2020-08-19,2020-08-24,174178.0,L,,WF,2020.0,5,8
SQF Complex,SO,CA,2020-08-24,2020-12-17,174178.0,Unknown,,WF,2020.0,115,8
Holiday Farm,NW,OR,2020-09-07,2020-10-27,173393.0,U,29100932.0,WF,2020.0,50,9
Slater,NO,CA,2020-09-08,2020-11-15,157270.0,U,55043900.0,WF,2020.0,68,9
"Red Salmon
Complex",NO,CA,2020-07-28,2020-11-16,144698.0,L,,WF,2020.0,111,7
"August Complex
West Zone",NO,CA,2020-09-10,2020-10-14,140944.0,L,115300000.0,WF,2020.0,34,9
Pine Gulch,RM,CO,2020-07-31,2020-09-22,139007.0,U,35000000.0,WF,2020.0,53,7
Riverside,NW,OR,2020-09-08,2020-11-26,138054.0,H,20482000.0,WF,2020.0,79,9
Archie Creek,NW,OR,2020-09-08,2020-11-26,131542.0,U,40000000.0,WF,2020.0,79,9
Whitney,NW,WA,2020-09-07,2020-09-15,127430.0,U,3300000.0,WF,2020.0,8,9
Dolan,SO,CA,2020-08-18,2020-12-24,124924.0,U,74000000.0,WF,2020.0,128,8
Bighorn,SW,AZ,2020-06-05,2020-07-22,119978.0,L,44463612.0,WF,2020.0,47,6
Bobcat,SO,CA,2020-09-06,2020-11-27,115997.0,U,100000000.0,WF,2020.0,82,9
Woodhead,GB,ID,2020-09-07,2020-10-22,96614.0,H,11230000.0,WF,2020.0,45,9
Badger,GB,ID,2020-09-12,2020-10-10,90143.0,U,15800000.0,WF,2020.0,28,9
East Fork,GB,UT,2020-08-21,2020-11-19,90000.0,L,23523403.0,WF,2020.0,90,8
"CZU August
Lightning",NO,CA,2020-08-16,2020-09-21,86509.0,U,55900466.0,WF,2020.0,36,8
W-5 Cold Springs,NO,CA,2020-08-18,2020-09-13,84817.0,U,10300000.0,WF,2020.0,26,8
July Complex,NO,CA,2020-07-22,2020-08-18,83261.0,U,35000000.0,WF,2020.0,27,7
Caldwall,NO,CA,2020-07-22,2020-07-24,80859.0,U,34500000.0,WF,2020.0,2,7
Mendocino Complex,NO,CA,2018-07-27,2018-09-18,459123.0,U,220000000.0,WF,2018.0,53,7
Martin,GB,NV,2018-07-05,2018-07-21,435569.0,U,10000000.0,WF,2018.0,16,7
Rhea,SA,OK,2018-04-12,2018-04-26,286196.0,U,3800000.0,WF,2018.0,14,4
South Sugarloaf,GB,NV,2018-08-17,2018-10-10,233458.0,L,20000000.0,WF,2018.0,54,8
Carr,NO,CA,2018-07-23,2018-08-30,229651.0,U,162289294.0,WF,2018.0,38,7
Klondike,NW,OR,2018-07-15,2018-11-28,175258.0,L,104500000.0,WF,2018.0,136,7
Camp,NO,CA,2018-11-08,2018-11-25,153336.0,U,120000000.0,WF,2018.0,17,11
Goose Creek,GB,NV,2018-07-26,2018-08-10,132220.0,U,7850000.0,WF,2018.0,15,7
Spring Creek,RM,CO,2018-06-27,2018-09-06,108045.0,H,35000000.0,WF,2018.0,71,6
Pole Creek,GB,UT,2018-09-06,2018-10-08,102191.0,L,29100000.0,WF,2018.0,32,9
Boxcar,NW,OR,2018-06-21,2018-07-03,100207.0,U,3500000.0,WF,2018.0,12,6
Grassy Ridge,GB,ID,2018-07-26,2018-08-15,99502.0,L,3000000.0,WF,2018.0,20,7
Woolsey,SO,CA,2018-11-08,2018-11-27,96949.0,U,56943320.0,WF,2018.0,19,11
Ferguson,SO,CA,2018-07-13,2018-08-23,96901.0,U,150000000.0,WF,2018.0,41,7
County,NO,CA,2018-06-30,2018-07-14,90288.0,U,47000000.0,WF,2018.0,14,6
Avian Complex,SA,FL,2018-05-01,2018-05-29,82461.0,U,10781364.0,WF,2018.0,28,5
Substation,NW,OR,2018-07-17,2018-08-02,78425.0,H,4200000.0,WF,2018.0,16,7
Grass Valley,NW,WA,2018-08-11,2018-08-15,75573.0,U,875000.0,WF,2018.0,4,8
Mallard,SA,TX,2018-05-08,2018-05-20,75530.0,U,,WF,2018.0,12,5
Boylston,NW,WA,2018-07-19,2018-07-23,71200.0,U,995000.0,WF,2018.0,4,7
Dollar Ridge,GB,UT,2018-07-01,2018-08-29,70003.0,U,22000000.0,WF,2018.0,59,7
Zitziana River,AK,AK,2018-06-04,2018-09-07,69332.0,L,2440527.0,WF,2018.0,95,6
Sharps,GB,ID,2018-07-29,2018-09-13,64853.0,H,9500000.0,WF,2018.0,46,7
Delta,NO,CA,2018-09-05,2018-10-07,63311.0,H,64429020.0,WF,2018.0,32,9
Smith River Complex,NO,CA,2023-08-16,2023-11-15,95107.0,U,,WF,2023.0,91,8
York,SO,CA,2023-07-28,2023-08-19,93078.0,H,,WF,2023.0,22,7
Newell Road,NW,WA,2023-07-21,2023-07-30,60551.0,U,,WF,2023.0,9,7
Pass,SW,NM,2023-05-21,2023-08-31,59833.0,L,,WF,2023.0,102,5
Anderson Complex,AK,AK,2023-07-29,2023-08-24,58933.0,U,,WF,2023.0,26,7
Delta,AK,AK,2023-07-25,2023-08-31,57395.0,L,,WF,2023.0,37,7
Clear Creek Complex,AK,AK,2023-07-27,2023-08-17,52966.0,L,,WF,2023.0,21,7
"2023 SRF Lightning
Complex",NO,CA,2023-08-17,2023-10-24,50198.0,U,,WF,2023.0,68,8
Pogo Mine Road,AK,AK,2023-07-25,2023-08-23,48792.0,L,,WF,2023.0,29,7
Cooksley,RM,NE,2023-04-18,2023-04-18,40000.0,U,,WF,2023.0,0,4
Tanana Area Fires,AK,AK,2015-06-19,2015-08-06,498043.0,L,14049552.0,WF,2015.0,48,6
Ruby Area Fires,AK,AK,2015-07-02,2015-08-04,421613.0,L,2845925.0,WF,2015.0,33,7
Soda,GB,ID,2015-08-10,2015-08-23,285361.0,U,6250000.0,WF,2015.0,13,8
Sushgitit Hills,AK,AK,2015-06-21,2015-08-15,270747.0,L,51000.0,WF,2015.0,55,6
North Star,NW,WA,2015-08-13,2015-11-30,218138.0,H,45000000.0,WF,2015.0,109,8
Holtnakatna,AK,AK,2015-06-22,2015-07-06,198133.0,L,,WF,2015.0,14,6
Aniak Complex,AK,AK,2015-07-04,2015-07-19,157783.0,L,6492120.0,WF,2015.0,15,7
Rough,SO,CA,2015-07-31,2015-10-12,151623.0,L,120930243.0,WF,2015.0,73,7
Okanogan Complex,NW,WA,2015-08-14,2015-09-29,145282.0,L,,WF,2015.0,46,8
Rock,AK,AK,2015-06-19,2015-08-15,142637.0,L,1694868.0,WF,2015.0,57,6
Isahultila,AK,AK,2015-06-21,2015-08-15,128617.0,L,10000.0,WF,2015.0,55,6
Sea,AK,AK,2015-06-19,2015-08-08,111193.0,L,7000.0,WF,2015.0,50,6
Canyon Creek Complex,NW,OR,2015-08-12,2015-10-29,110261.0,L,31453602.0,WF,2015.0,78,8
Big Mud River 1,AK,AK,2015-06-21,2015-08-08,103170.0,L,5000.0,WF,2015.0,48,6
Cornet-Windy Ridge,NW,OR,2015-08-11,2015-10-27,102089.0,U,6010000.0,WF,2015.0,77,8
Iditarod River,AK,AK,2015-06-20,2015-07-25,98183.0,L,282298.0,WF,2015.0,35,6
Blazo,AK,AK,2015-06-19,2015-07-07,96644.0,L,,WF,2015.0,18,6
Tepee Springs,GB,ID,2015-08-12,2015-10-19,95709.0,L,31540000.0,WF,2015.0,68,8
Munsatli 2,AK,AK,2015-07-04,2015-08-02,95679.0,L,6000.0,WF,2015.0,29,7
"Selway/Elk City/Red River
Complex",Unknown,ID,2015-08-17,2015-10-29,94921.0,L,16000000.0,WF,2015.0,73,8
Chelan Complex,NW,WA,2015-08-14,2015-09-20,88985.0,U,10000000.0,WF,2015.0,37,8
"Clearwater/Municipal/Motorway
North Complex",Unknown,ID,2015-08-10,2015-09-08,83243.0,L,41527637.0,WF,2015.0,29,8
Grizzly Bear Complex,NW,OR,2015-08-13,2015-10-30,83148.0,L,20968610.0,WF,2015.0,78,8
Torment Creek,AK,AK,2015-06-20,2015-08-04,81468.0,L,7000.0,WF,2015.0,45,6
River Complex,NO,CA,2015-07-30,2015-09-25,77081.0,L,32678783.0,WF,2015.0,57,7
Kettle Complex,NW,WA,2015-08-11,2015-09-27,76512.0,L,,WF,2015.0,47,8
Valley,NO,CA,2015-09-12,2015-10-05,76067.0,U,56220000.0,WF,2015.0,23,9
Wolverine,NW,WA,2015-06-29,2015-10-03,72123.0,L,35000000.0,WF,2015.0,96,6
Butte,NO,CA,2015-09-09,2015-09-30,70868.0,U,74720784.0,WF,2015.0,21,9
Rocky,NO,CA,2015-07-29,2015-08-14,69438.0,U,46100000.0,WF,2015.0,16,7
Bear Creek,Unknown,MT,2015-08-12,2015-10-22,69435.0,L,3300000.0,WF,2015.0,71,8
Kutokbuna Lake,AK,AK,2015-06-21,2015-07-02,68320.0,L,82167.0,WF,2015.0,11,6
County Line 2,NW,OR,2015-08-12,2015-08-31,67207.0,U,16400000.0,WF,2015.0,19,8
Three Day,AK,AK,2015-06-19,2015-07-07,66703.0,L,,WF,2015.0,18,6
Lloyd,AK,AK,2015-06-24,2015-08-14,66267.0,L,603744.0,WF,2015.0,51,6
Carpenter Road,NW,WA,2015-08-14,2015-12-16,63972.0,H,22650000.0,WF,2015.0,124,8
West Fork,AK,AK,2015-06-19,2015-07-25,58335.0,L,4000.0,WF,2015.0,36,6
Dulbi River,AK,AK,2015-06-19,2015-06-25,56687.0,L,,WF,2015.0,6,6
Tobatokh,AK,AK,2015-06-22,2015-07-01,54036.0,L,2000.0,WF,2015.0,9,6
Family Peak Complex,Unknown,MT,2015-08-13,2015-10-17,53890.0,L,4205000.0,WF,2015.0,65,8
Cougar Creek,NW,WA,2015-08-10,2015-10-17,53534.0,L,23500000.0,WF,2015.0,68,8
Hardpac Creek,AK,AK,2015-06-21,2015-08-03,50482.0,L,3000.0,WF,2015.0,43,6
Bendire Complex,NW,OR,2015-08-11,2015-09-15,49628.0,L,4820000.0,WF,2015.0,35,8
Chitanana River,AK,AK,2015-06-21,2015-07-11,49540.0,L,1000.0,WF,2015.0,20,6
Can Creek,AK,AK,2015-06-01,2015-07-17,48729.0,L,18945.0,WF,2015.0,46,6
Glacier,AK,AK,2015-06-23,2015-07-28,47333.0,L,4000.0,WF,2015.0,35,6
Dixie,NO,CA,2021-07-13,2021-10-23,963309.0,U,30000000.0,WF,2021.0,102,7
Bootleg,NW,OR,2021-07-06,2021-08-13,413717.0,L,100900000.0,WF,2021.0,38,7
Monument,NO,CA,2021-07-31,2021-10-25,223124.0,L,163739291.0,WF,2021.0,86,7
Caldor,NO,CA,2021-08-14,2021-10-20,221835.0,H,271147512.0,WF,2021.0,67,8
River Complex,NO,CA,2021-07-30,2021-10-24,199359.0,L,95340595.0,WF,2021.0,86,7
Telegraph,SW,AZ,2021-06-04,2021-07-02,180757.0,H,36400000.0,WF,2021.0,28,6
Richard Spring,Unknown,MT,2021-08-08,2021-08-20,171130.0,L,6500000.0,WF,2021.0,12,8
Antelope,NO,CA,2021-08-01,2021-10-14,145632.0,U,74950300.0,WF,2021.0,74,8
McFarland,NO,CA,2021-07-30,2021-09-15,122653.0,L,43960000.0,WF,2021.0,47,7
Four County,RM,KS,2021-12-15,2021-12-23,121622.0,H,,WF,2021.0,8,12
"Snake River
Complex",Unknown,ID,2021-07-08,2021-08-18,109444.0,L,9498972.0,WF,2021.0,41,7
Schneider Springs,NW,WA,2021-08-04,2021-10-25,107322.0,L,53955225.0,WF,2021.0,82,8
"Beckwourth
Complex",NO,CA,2021-07-03,2021-09-21,105670.0,U,542539952.0,WF,2021.0,80,7
Windy,SO,CA,2021-09-09,2021-11-10,97528.0,L,78421741.0,WF,2021.0,62,9
McCash,NO,CA,2021-07-31,2021-10-27,94962.0,L,53350000.0,WF,2021.0,88,7
Cougar Peak,NW,OR,2021-09-07,2021-10-20,91810.0,U,26000000.0,WF,2021.0,43,9
Johnson,SW,NM,2021-05-20,2021-07-15,88918.0,L,7500000.0,WF,2021.0,56,5
Boundary,GB,ID,2021-08-10,2021-10-21,88757.0,L,12002000.0,WF,2021.0,72,8
KNP Complex,SO,CA,2021-09-12,2021-12-15,88307.0,L,170000000.0,WF,2021.0,94,9
Rafael,SW,AZ,2021-06-20,2021-07-13,78065.0,L,11000000.0,WF,2021.0,23,6
Mescal,SW,AZ,2021-06-01,2021-06-16,72250.0,H,12075000.0,WF,2021.0,15,6
Cub Creek 2,NW,WA,2021-07-16,2021-09-26,70168.0,H,27788529.0,WF,2021.0,72,7
"Devilâ€™s Knob
Complex",NW,OR,2021-08-03,2021-10-29,70110.0,L,,WF,2021.0,87,8
Tamarack,GB,NV,2021-07-16,2021-10-07,68637.0,L,37000000.0,WF,2021.0,83,7
Betty's Way,RM,NE,2024-02-26,2024-03-11,69810.0,U,,WF,2024.0,14,2
Smokehouse Creek,SA,TX,2024-02-26,2024-03-17,1054153.0,H,,WF,2024.0,20,2
Catesby,SA,OK,2024-02-27,2024-03-15,89688.0,H,,WF,2024.0,17,2
McDonald,AK,AK,2024-06-08,2024-07-20,152227.0,L,,WF,2024.0,42,6
Midnight,AK,AK,2024-06-19,2024-07-09,52550.0,L,,WF,2024.0,20,6
Grapefruit Complex,AK,AK,2024-06-28,2024-07-13,89011.0,U,,WF,2024.0,15,6
Falls,NW,OR,2024-07-10,2024-08-21,151689.0,H,,WF,2024.0,42,7
Cow Valley,NW,OR,2024-07-11,2024-08-09,133490.0,U,,WF,2024.0,29,7
Lone Rock,NW,OR,2024-07-13,2024-08-31,137222.0,U,,WF,2024.0,49,7
Boneyard,NW,OR,2024-07-17,2024-07-25,49716.0,L,,WF,2024.0,8,7
Durkee,NW,OR,2024-07-17,2024-09-04,294265.0,L,,WF,2024.0,49,7
"Battle Mountain
Complex",NW,OR,2024-07-18,2024-09-14,183026.0,U,,WF,2024.0,58,7
Monkey Creek,NW,OR,2024-07-18,2024-07-20,115269.0,U,,WF,2024.0,2,7
Swawilla I,NW,WA,2024-07-18,2024-11-03,53462.0,L,,WF,2024.0,108,7
Telephone,NW,OR,2024-07-22,2024-08-21,54005.0,L,,WF,2024.0,30,7
Crazy Creek,NW,OR,2024-07-22,2024-09-25,86968.0,L,,WF,2024.0,65,7
Big Horn,NW,WA,2024-07-22,2024-07-30,51569.0,U,,WF,2024.0,8,7
Badland Complex,NW,OR,2024-07-23,2024-08-14,54617.0,U,,WF,2024.0,22,7
Retreat,NW,WA,2024-07-23,2024-10-01,45601.0,H,,WF,2024.0,70,7
Park,NO,CA,2024-07-24,2024-09-25,429603.0,U,,WF,2024.0,63,7
Borel,SO,CA,2024-07-24,2024-09-14,59288.0,U,,WF,2024.0,52,7
Wapiti,GB,ID,2024-07-24,2024-10-24,129063.0,L,,WF,2024.0,92,7
Hole In The Ground,NW,OR,2024-07-24,2024-08-01,98855.0,L,,WF,2024.0,8,7
Paddock,GB,ID,2024-08-05,2024-08-17,187185.0,L,,WF,2024.0,12,8
Warner Peak,NW,OR,2024-08-05,2024-08-23,65866.0,L,,WF,2024.0,18,8
Nellie,GB,ID,2024-08-06,2024-08-08,48196.0,L,,WF,2024.0,2,8
"Middle Fork
Complex",GB,ID,2024-08-08,2024-10-24,61496.0,U,,WF,2024.0,77,8
Flat Rock,RM,WY,2024-08-21,2024-09-12,52421.0,U,,WF,2024.0,22,8
House Draw,RM,WY,2024-08-21,2024-09-12,174547.0,L,,WF,2024.0,22,8
Remington,RM,WY,2024-08-22,2024-09-19,196368.0,U,,WF,2024.0,28,8
Red Rock,GB,ID,2024-09-02,2024-10-28,79260.0,L,,WF,2024.0,56,9
Rail Ridge,NW,OR,2024-09-02,2024-10-31,176661.0,L,,WF,2024.0,59,9
Lava,GB,ID,2024-09-03,2024-10-24,97585.0,L,,WF,2024.0,51,9
Line,SO,CA,2024-09-04,2024-12-24,43978.0,U,,WF,2024.0,111,9
Bridge,SO,CA,2024-09-08,2024-12-29,56030.0,U,,WF,2024.0,112,9
Pack Trail,RM,WY,2024-09-18,2024-11-02,89930.0,L,,WF,2024.0,45,9
Elk,RM,WY,2024-09-27,2024-11-14,98352.0,U,,WF,2024.0,48,9
Old Grouch Top,AK,AK,2019-06-05,2019-08-01,307969.0,L,61000.0,WF,2019.0,57,6
Frozen Calf,AK,AK,2019-06-24,2019-07-11,240543.0,L,4332806.0,WF,2019.0,17,6
Hess Creek,AK,AK,2019-06-21,2019-08-01,189369.0,L,3005369.0,WF,2019.0,41,6
Swan Lake,AK,AK,2019-06-05,2019-10-02,167183.0,L,48101094.0,WF,2019.0,119,6
Bearnose Hill,AK,AK,2019-06-29,2019-07-11,130768.0,L,2108024.0,WF,2019.0,12,6
Woodbury,SW,AZ,2019-06-08,2019-07-05,123875.0,U,20000000.0,WF,2019.0,27,6
Sheep,GB,ID,2019-06-22,2019-07-25,112106.0,L,710000.0,WF,2019.0,33,6
Black River,AK,AK,2019-06-18,2019-08-08,107078.0,L,30000.0,WF,2019.0,51,6
North River,AK,AK,2019-06-10,2019-07-21,101451.0,L,40000.0,WF,2019.0,41,6
Tractor Trail 2,AK,AK,2019-06-22,2019-07-11,92628.0,L,461188.0,WF,2019.0,19,6
Hurst Creek,AK,AK,2019-06-22,2019-07-04,85261.0,L,231175.0,WF,2019.0,12,6
"Little Crazy
Mountain",AK,AK,2019-06-21,2019-07-25,79953.0,L,,WF,2019.0,34,6
Little Mud River,AK,AK,2019-06-21,2019-07-25,79675.0,L,,WF,2019.0,34,6
Kincade,NO,CA,2019-10-23,2019-11-07,77758.0,U,77144684.0,WF,2019.0,15,10
Smith Creek,AK,AK,2019-06-30,2019-08-02,71815.0,H,,WF,2019.0,33,6
Pothole,GB,ID,2019-08-06,2019-08-08,69704.0,H,600000.0,WF,2019.0,2,8
Hadweenzic River,AK,AK,2019-06-22,2019-07-19,62068.0,L,5004308.0,WF,2019.0,27,6
Walker,NO,CA,2019-08-16,2019-09-25,54608.0,U,35600000.0,WF,2019.0,40,8
Wilderness,AK,AK,2019-06-20,2019-07-25,53411.0,L,60000.0,WF,2019.0,35,6
Foraker,AK,AK,2019-06-26,2019-07-25,49980.0,L,203477.0,WF,2019.0,29,6
Grouse Creek,AK,AK,2019-07-10,2019-08-07,49533.0,L,2000000.0,WF,2019.0,28,7
Page Mountain,AK,AK,2019-06-22,2019-08-01,46897.0,L,394900.0,WF,2019.0,40,6
Williams Flatt,NW,WA,2019-08-02,2019-08-24,44446.0,L,19432000.0,WF,2019.0,22,8
Bergman Creek,AK,AK,2019-06-21,2019-07-25,42300.0,L,1233004.0,WF,2019.0,34,6
Sawgrass,SA,FL,2019-06-23,2019-06-27,42000.0,L,,WF,2019.0,4,6
Cold Creek,NW,WA,2019-07-18,2019-07-21,41920.0,U,900000.0,WF,2019.0,3,7
Wallow,SW,AZ,2011-05-29,2011-07-08,538049.0,U,109000000.0,WF,2011.0,40,5
Rock House,SA,TX,2011-04-09,2011-05-12,314444.0,H,8399072.0,WF,2011.0,33,4
Honey Prairie,SA,GA,2011-04-30,2011-12-28,309200.0,L,53420000.0,WF,2011.0,242,4
Horseshoe 2,SW,AZ,2011-05-08,2011-07-20,222954.0,H,52000000.0,WF,2011.0,73,5
Deaton Cole,SA,TX,2011-04-25,2011-05-11,175000.0,U,,WF,2011.0,16,4
Cooper Mountain Ranch,SA,TX,2011-04-11,2011-04-23,162625.0,L,1194159.0,WF,2011.0,12,4
Wildcat,SA,TX,2011-04-11,2011-05-02,159308.0,L,5282333.0,WF,2011.0,21,4
Las Conchas,SW,NM,2011-06-26,2011-07-13,156593.0,H,48385000.0,WF,2011.0,17,6
Pk Complex,SA,TX,2011-04-13,2011-05-12,126734.0,H,6639413.0,WF,2011.0,29,4
Swenson,SA,TX,2011-04-06,2011-04-23,122500.0,H,2567948.0,WF,2011.0,17,4
Indian Creek,WB,NV,2011-09-30,2011-10-13,110827.0,L,2500000.0,WF,2011.0,13,9
High Cascades,NW,OR,2011-08-24,2011-09-21,108154.0,L,28294465.0,WF,2011.0,28,8
Southeast Texas Complex,SA,TX,2011-09-07,2011-11-18,104818.0,U,20065853.0,WF,2011.0,72,9
Donaldson,SW,NM,2011-06-28,2011-07-09,101563.0,L,5700000.0,WF,2011.0,11,6
Pagami Creek,SW,MN,2011-08-17,2011-10-22,92193.0,L,22700000.0,WF,2011.0,66,8
Dickens County Complex,SA,TX,2011-05-07,2011-05-21,89200.0,L,,WF,2011.0,14,5
Miller,SW,NM,2011-04-28,2011-06-14,88835.0,H,18100000.0,WF,2011.0,47,4
Iron Mountain,SA,TX,2011-05-09,2011-05-24,87401.0,U,,WF,2011.0,15,5
Schwartz,SA,TX,2011-05-07,2011-05-24,83995.0,U,,WF,2011.0,17,5
Frying Pan Ranch,SA,TX,2011-04-14,2011-04-20,80907.0,U,277072.0,WF,2011.0,6,4
White Hat,SA,TX,2011-06-20,2011-07-01,72473.0,U,,WF,2011.0,11,6
Prairie,SA,FL,2011-06-05,2011-06-24,68295.0,H,,WF,2011.0,19,6
Murphy Complex,SW,AZ,2011-05-30,2011-06-15,68079.0,H,5692555.0,WF,2011.0,16,5
Big Hill,EB,ID,2011-08-14,2011-08-17,67000.0,L,150000.0,WF,2011.0,3,8
Enterprise,SW,NM,2011-02-27,2011-02-28,64936.0,H,37000.0,WF,2011.0,1,2
Crawford Ranch,SA,TX,2011-04-09,2011-04-12,60000.0,U,,WF,2011.0,3,4
Hancock Complex,NW,OR,2011-08-24,2011-09-16,57597.0,L,2896867.0,WF,2011.0,23,8
East Volkmar,AK,AK,2011-05-26,2011-08-10,54217.0,L,6912031.0,WF,2011.0,76,5
Killough,SA,TX,2011-04-09,2011-04-16,54000.0,U,,WF,2011.0,7,4
Last Chance,SW,NM,2011-04-24,2011-05-09,53342.0,H,2062400.0,WF,2011.0,15,4
Diamond Complex,Unknown,MT,2011-08-22,2011-09-03,52710.0,L,4982582.0,WF,2011.0,12,8
Northeast Texas Complex,SA,TX,2011-09-04,2011-09-29,52681.0,U,3958900.0,WF,2011.0,25,9
T17,EB,ID,2011-08-25,2011-08-27,50176.0,U,410000.0,WF,2011.0,2,8
Chukkar Canyon,WB,NV,2011-09-30,2011-10-13,48672.0,L,500000.0,WF,2011.0,13,9
Pains Bay,SA,NC,2011-05-05,2011-06-28,45294.0,L,13934482.0,WF,2011.0,54,5
Bear Springs Callie Marie,RM,CO,2011-06-05,2011-06-21,44662.0,L,2500000.0,WF,2011.0,16,6
Izzenhood,WB,NV,2011-09-30,2011-10-13,42157.0,L,500000.0,WF,2011.0,13,9
Matador West,SA,TX,2011-02-27,2011-03-02,41000.0,U,,WF,2011.0,3,2
Roper,SA,TX,2011-04-11,2011-04-13,41000.0,U,82000.0,WF,2011.0,2,4
#536 Bear Creek,SA,TX,2011-09-04,2011-09-10,40388.0,U,48400.0,WF,2011.0,6,9
Stanton County,RM,KS,2011-03-22,2011-03-28,40000.0,H,,WF,2011.0,6,3
Chester,SA,OK,2009-07-10,2009-07-17,41497.0,U,250000.0,WF,2009.0,7,7
Bluff Creek,AK,AK,2009-07-26,2009-11-10,41756.0,L,,WF,2009.0,107,7
Big Pole,EB,UT,2009-08-06,2009-11-09,44345.0,L,,WF,2009.0,95,8
Dry Creek Complex,NW,WA,2009-08-20,2009-08-24,48902.0,L,870000.0,WF,2009.0,4,8
Bear Creek,AK,AK,2009-06-17,2009-09-25,50897.0,L,,WF,2009.0,100,6
Putnam,SA,OK,2009-03-05,2009-03-11,52790.0,N,,WF,2009.0,6,3
East Slide Rock Ridge,WB,NV,2008-08-10,2009-04-07,54549.0,L,,WF,2009.0,240,8
Cato,SW,NM,2009-06-10,2009-06-13,55080.0,L,460000.0,WF,2009.0,3,6
Chakina,AK,AK,2009-07-02,2009-08-25,56413.0,L,1933616.0,WF,2009.0,54,7
Loco/Healdton,SA,OK,2009-04-09,2009-04-15,56688.0,U,,WF,2009.0,6,4
Rock Slough,AK,AK,2009-06-30,2009-11-10,62313.0,L,,WF,2009.0,133,6
Sheenjek,AK,AK,2009-07-02,2009-10-01,62658.0,L,245000.0,WF,2009.0,91,7
Stevens Creek #1,AK,AK,2009-06-18,2009-11-10,85909.0,L,,WF,2009.0,145,6
La Brea,SO,CA,2009-08-08,2009-10-05,89489.0,H,,WF,2009.0,58,8
Pasco,SW,NM,2009-06-10,2009-06-23,93029.0,L,450000.0,WF,2009.0,13,6
Rex Creek *,AK,AK,2009-08-02,2009-09-01,101150.0,L,,WF,2009.0,30,8
Wood River 1,AK,AK,2009-07-12,2009-09-01,125382.0,L,,WF,2009.0,51,7
Nowitna,AK,AK,2009-06-13,2009-08-01,126582.0,L,,WF,2009.0,49,6
Zitziana,AK,AK,2009-06-17,2009-08-01,141125.0,L,,WF,2009.0,45,6
Station,SO,CA,2009-08-26,2009-11-22,160577.0,H,95510000.0,WF,2009.0,88,8
Tonclonukna Creek,AK,AK,2009-05-23,2009-07-01,164318.0,L,2969556.0,WF,2009.0,39,5
Titna River,AK,AK,2009-07-11,2009-08-01,164542.0,L,,WF,2009.0,21,7
Big Creek,AK,AK,2009-07-18,2009-08-18,169639.0,L,820825.0,WF,2009.0,31,7
Little Black One **,AK,AK,2009-06-20,2009-08-01,349450.0,L,,WF,2009.0,42,6
"Crazy Mountain
Complex **",AK,AK,2009-06-20,2009-08-01,447420.0,L,,WF,2009.0,42,6
Minto Flats South *,AK,AK,2009-06-21,2009-07-01,517078.0,L,,WF,2009.0,10,6
Railbelt Complex *,AK,AK,2009-06-21,2009-08-01,636224.0,L,,WF,2009.0,41,6
